conflict_id,domain,doc_a_id,doc_a_citation,doc_a_text,doc_b_id,doc_b_citation,doc_b_text,conflict_type,severity,description,review_status,timestamp,request_id
CFL_DD4E8954,An toàn kho quỹ & Vận chuyển tiền mặt,agr_at01,[100/QĐ-NHNO-AT - Quy định nội bộ số 100/QĐ-NHNO-AT | Điều 12 | doc_agr_at01_02],"Khi tiến hành vận chuyển tiền mặt có giá trị từ 3 tỷ đồng trở lên hoặc tuyến đường di chuyển liên tỉnh, Agribank bắt buộc bố trí xe ô tô bọc thép chuyên dùng và 02 bảo vệ chuyên trách trang bị công cụ hỗ trợ. Hạn mức vận chuyển không quá 50 tỷ đồng mỗi chuyến.",44209,"[01/2014/TT-NHNN - Thông tư số 01/2014/TT-NHNN Quy định về giao nhận, bảo quản, vận chuyển tiền mặt, tài sản quý, giấy tờ có giá | Điều 1. Phạm vi điều chỉnh | doc_44209_điều_1__phạm_vi_điều_chỉnh_1]","Văn bản: Thông tư số 01/2014/TT-NHNN Quy định về giao nhận, bảo quản, vận chuyển tiền mặt, tài sản quý, giấy tờ có giá (Số ký hiệu: 01/2014/TT-NHNN)
Điều 1. Phạm vi điều chỉnh
Điều 1. Phạm vi điều chỉnh
1. Thông tư này quy định việc giao nhận, bảo quản, vận chuyển; kiểm tra, kiểm kê, bàn giao, xử lý thừa thiếu tiền mặt, tài sản quý, giấy tờ có giá trong ngành Ngân hàng; việc thu, chi tiền mặt giữa Ngân hàng Nhà nước, tổ chức tín dụng, chi nhánh ngân hàng nước ngoài và khách hàng.
2. Việc đóng gói, niêm phong, kiểm đếm, giao nhận vàng, các loại kim khí quý, đá quý và các tài sản quý khác không thuộc phạm vi điều chỉnh của Thông tư này.",KHAC,LOW,"Không có xung đột giữa hai văn bản. Văn bản B (Điều 1 Thông tư 01/2014/TT-NHNN) xác định phạm vi điều chỉnh chung về giao nhận, bảo quản, vận chuyển tiền mặt và tài sản quý trong ngành Ngân hàng. Văn bản A (Điều 12 Quy định 100/QĐ-NHNO-AT) cụ thể hóa các điều kiện vận hành chi tiết (hạn mức, phương tiện xe bọc thép, lực lượng bảo vệ) đối với hoạt động vận chuyển tiền mặt tại Agribank, hoàn toàn phù hợp và tuân thủ phạm vi điều chỉnh được nêu tại Văn bản B.",NEEDS_HUMAN_REVIEW,2026-08-24T21:07:19.521074,06ccaed2-5360-4f54-900c-ccbece4716a7
CFL_AE145F9C,CAR & Quản lý rủi ro,agr_car02,[250/QĐ-NHNO-QLRR - Quy định nội bộ số 250/QĐ-NHNO-QLRR | Điều 18 | doc_agr_car02_02],Trọng số rủi ro đối với tài sản có là khoản vay bất động sản kinh doanh áp dụng mức 150% đến 200% tùy theo tỷ lệ LTV. Các khoản vay nông nghiệp nông thôn được ưu đãi hệ số rủi ro 50% theo định hướng phát triển của Agribank.,117310,"[41/2016/TT-NHNN - Thông tư số 41/2016/TT-NHNN Quy định tỷ lệ an toàn vốn đối với ngân hàng, chi nhánh ngân hàng nước ngoài | Điều 1. Phạm vi điều chỉnh và đối tượng áp dụng | doc_117310_điều_1__phạm_vi_điều_chỉnh_và_đối_tượng_áp_dụng_1]","Văn bản: Thông tư số 41/2016/TT-NHNN Quy định tỷ lệ an toàn vốn đối với ngân hàng, chi nhánh ngân hàng nước ngoài (Số ký hiệu: 41/2016/TT-NHNN)
Điều 1. Phạm vi điều chỉnh và đối tượng áp dụng
Điều 1. Phạm vi điều chỉnh và đối tượng áp dụng
1. Thông tư này quy định tỷ lệ an toàn vốn đối với ngân hàng, chi nhánh ngân hàng nước ngoài tại Việt Nam.
2. Đối tượng áp dụng gồm:
a) Ngân hàng: Ngân hàng thương mại nhà nước, ngân hàng thương mại cổ phần, ngân hàng liên doanh, ngân hàng 100% vốn nước ngoài;
b) Chi nhánh ngân hàng nước ngoài.
3. Thông tư này không áp dụng đối với các ngân hàng được đặt vào kiểm soát đặc biệt.",KHAC,LOW,"Không có sự mâu thuẫn hay xung đột giữa hai điều khoản. Văn bản B (Điều 1 Thông tư 41/2016/TT-NHNN) quy định chung về phạm vi điều chỉnh và đối tượng áp dụng tỷ lệ an toàn vốn của NHNN đối với các ngân hàng thương mại. Trong khi đó, Văn bản A (Điều 18 Quy định 250/QĐ-NHNO-QLRR) quy định cụ thể về trọng số rủi ro nội bộ áp dụng cho các khoản vay bất động sản kinh doanh và nông nghiệp nông thôn tại Agribank. Hai văn bản thuộc cấp độ văn bản và phạm vi nội dung khác nhau, không phát sinh xung đột quy trình hay lệch ngưỡng quy định trong phạm vi hai trích dẫn này.",NEEDS_HUMAN_REVIEW,2026-08-24T21:07:27.342718,66f02f3b-0a95-46a4-99a0-57e825293d2c
CFL_B7299EB7,Tín dụng & Phân cấp phê duyệt,agr_td03,[315/QC-NHNO-TD - Quy chế tín dụng nội bộ số 315/QC-NHNO-TD | Điều 22 | doc_agr_td03_02],"Tất cả các khoản vay ngắn hạn phục vụ sản xuất nông nghiệp không có tài sản bảo đảm theo Nghị định 55/2015/NĐ-CP được Agribank giải ngân lên tới 100 triệu đồng đối với cá nhân, hộ gia đình nông dân trên cơ sở xác nhận của Ủy ban nhân dân xã.",agr_xln10,[390/QĐ-NHNO-XLN - Quy định nội bộ số 390/QĐ-NHNO-XLN | Điều 23 | doc_agr_xln10_02],"Việc cơ cấu lại thời hạn trả nợ và giữ nguyên nhóm nợ cho khách hàng gặp khó khăn do thiên tai, dịch bệnh được thực hiện theo đúng hướng dẫn của Ngân hàng Nhà nước và phải được Hội đồng Rủi ro Agribank thông qua.",KHAC,LOW,"Hai văn bản quy định về hai phạm vi nghiệp vụ và giai đoạn quản lý tín dụng khác nhau, không có mâu thuẫn hay xung đột. Văn bản A (315/QC-NHNO-TD) điều chỉnh giai đoạn cấp tín dụng ban đầu đối với khoản vay ngắn hạn không có tài sản bảo đảm phục vụ sản xuất nông nghiệp theo Nghị định 55/2015/NĐ-CP. Trong khi đó, Văn bản B (390/QĐ-NHNO-XLN) điều chỉnh giai đoạn quản lý/xử lý nợ sau khi giải ngân (cơ cấu lại thời hạn trả nợ và giữ nguyên nhóm nợ) cho khách hàng gặp khó khăn do sự kiện bất khả kháng (thiên tai, dịch bệnh) thuộc thẩm quyền của Hội đồng Rủi ro Agribank.",NEEDS_HUMAN_REVIEW,2026-08-24T21:07:35.997472,39582837-21ca-4cf9-b4f8-7a47be33a351
