source_id,source_so_ky_hieu,target_so_ky_hieu,trigger,evidence
166170,32/2024/QH15,47/2010/QH12,Tham chiếu,"00 và khoản 15 Điều 210 của Luật này có hiệu lực thi hành từ ngày 01 tháng 01 năm 2025. 3. Luật Các tổ chức tín dụng số 47/2010/QH12 đã được sửa đổi, bổ sung một số điều theo Luật số 17/2017/QH14 hết hiệu lực kể từ ngày Luật này có hiệu lực thi hành, t"
166170,32/2024/QH15,17/2017/QH14,"Sửa đổi, bổ sung","ày 01 tháng 01 năm 2025. 3. Luật Các tổ chức tín dụng số 47/2010/QH12 đã được sửa đổi, bổ sung một số điều theo Luật số 17/2017/QH14 hết hiệu lực kể từ ngày Luật này có hiệu lực thi hành, trừ quy định tại các khoản 1, 2, 3, 4, 8, 9, 12 và 14 Điều 210 c"
166170,32/2024/QH15,47/2010/QH12,Dẫn chiếu,"i có liên quan tại ngân hàng thương mại sở hữu cổ phần vượt tỷ lệ quy định tại Điều 55 của Luật Các tổ chức tín dụng số 47/2010/QH12 đã được sửa đổi, bổ sung một số điều theo Luật số 17/2017/QH14 phải xây dựng và thực hiện lộ trình để bảo đảm tuân thủ"
166170,32/2024/QH15,42/2017/QH14,Dẫn chiếu,c. 6. Tài sản bảo đảm của khoản nợ xấu là dự án bất động sản đã được thu giữ theo quy định tại Điều 7 của Nghị quyết số 42/2017/QH14 về thí điểm xử lý nợ xấu của các tổ chức tín dụng (sau đây gọi là Nghị quyết số 42/2017/QH14) hoặc đang thực hiện thủ t
166170,32/2024/QH15,42/2017/QH14,Tham chiếu,i Điều 7 của Nghị quyết số 42/2017/QH14 về thí điểm xử lý nợ xấu của các tổ chức tín dụng (sau đây gọi là Nghị quyết số 42/2017/QH14) hoặc đang thực hiện thủ tục chuyển nhượng theo quy định tại Điều 10 của Nghị quyết số 42/2017/QH14 trước ngày Luật này
166170,32/2024/QH15,29/2023/QH15,Dẫn chiếu,"nhượng phải đáp ứng điều kiện quy định tại các điểm a, d, đ, g và h khoản 1 Điều 40 của Luật Kinh doanh bất động sản số 29/2023/QH15 và phải có quyết định giao đất, cho thuê đất của cơ quan nhà nước có thẩm quyền; b) Bên nhận chuyển nhượng dự án phải đ"
112025,73/2016/NĐ-CP,67/2014/NĐ-CP,Tham chiếu,"eo quy định pháp luật. Điều 86. Đại lý bán sản phẩm bảo hiểm liên kết đầu tư, bảo hiểm hưu trí, bảo hiểm theo Nghị định 67/2014/NĐ-CP 1. Đại lý bảo hiểm bán bảo hiểm liên kết đơn vị phải đáp ứng các điều kiện sau: a) Không vi phạm quy định pháp luật về"
112025,73/2016/NĐ-CP,45/2007/NĐ-CP,Tham chiếu,THI HÀNH Điều 115. Hiệu lực thi hành 1. Nghị định này có hiệu lực thi hành từ ngày 01 tháng 7 năm 2016. 2. Nghị định số 45/2007/NĐ-CP ngày 27 tháng 3 năm 2007 của Chính phủ quy định chi tiết thi hành một số điều của Luật kinh doanh bảo hiểm; Nghị định s
112025,73/2016/NĐ-CP,123/2011/NĐ-CP,Tham chiếu,"gày 27 tháng 3 năm 2007 của Chính phủ quy định chi tiết thi hành một số điều của Luật kinh doanh bảo hiểm; Nghị định số 123/2011/NĐ-CP ngày 28 tháng 12 năm 2011 của Chính phủ quy định chi tiết thi hành một số điều của Luật sửa đổi, bổ sung một số điều củ"
112025,73/2016/NĐ-CP,45/2007/NĐ-CP,"Sửa đổi, bổ sung","iều của Luật sửa đổi, bổ sung một số điều của Luật kinh doanh bảo hiểm và sửa đổi, bổ sung một số điều của Nghị định số 45/2007/NĐ-CP ngày 27 tháng 3 năm 2007 của Chính phủ quy định chi tiết thi hành một số điều của Luật kinh doanh bảo hiểm; Nghị định s"
112025,73/2016/NĐ-CP,68/2014/NĐ-CP,Tham chiếu,"gày 27 tháng 3 năm 2007 của Chính phủ quy định chi tiết thi hành một số điều của Luật kinh doanh bảo hiểm; Nghị định số 68/2014/NĐ-CP ngày 09 tháng 7 năm 2014 của Chính phủ sửa đổi, bổ sung một số điều của Nghị định số 45/2007/NĐ-CP ngày 27 tháng 3 năm"
112025,73/2016/NĐ-CP,46/2007/NĐ-CP,Tham chiếu,"y 27 tháng 3 năm 2007 của Chính phủ quy định chi tiết thi hành một số điều của Luật kinh doanh bảo hiểm và Nghị định số 46/2007/NĐ-CP ngày 27 tháng 3 năm 2007 của Chính phủ quy định chế độ tài chính đối với doanh nghiệp bảo hiểm, doanh nghiệp môi giới b"
38128,37/2014/TT-NHNN,46/2010/QH12,Căn cứ,"t kế mẫu tiền, chế bản và quản lý in, đúc tiền Việt Nam ____________________ Căn cứ Luật Ngân hàng Nhà nước Việt Nam số 46/2010/QH12 ; Căn cứ Nghị định số 156/2013/NĐ-CP ngày 11/11/2013 của Chính phủ quy định chức năng, nhiệm vụ, quyền hạn và cơ cấu tổ"
38128,37/2014/TT-NHNN,156/2013/NĐ-CP,Căn cứ,"n, đúc tiền Việt Nam ____________________ Căn cứ Luật Ngân hàng Nhà nước Việt Nam số 46/2010/QH12 ; Căn cứ Nghị định số 156/2013/NĐ-CP ngày 11/11/2013 của Chính phủ quy định chức năng, nhiệm vụ, quyền hạn và cơ cấu tổ chức của Ngân hàng Nhà nước Việt Nam"
38128,37/2014/TT-NHNN,11/11,Căn cứ,"____________________ Căn cứ Luật Ngân hàng Nhà nước Việt Nam số 46/2010/QH12 ; Căn cứ Nghị định số 156/2013/NĐ-CP ngày 11/11/2013 của Chính phủ quy định chức năng, nhiệm vụ, quyền hạn và cơ cấu tổ chức của Ngân hàng Nhà nước Việt Nam; Căn cứ Ng"
38128,37/2014/TT-NHNN,40/2012/NĐ-CP,Căn cứ,"hính phủ quy định chức năng, nhiệm vụ, quyền hạn và cơ cấu tổ chức của Ngân hàng Nhà nước Việt Nam; Căn cứ Nghị định số 40/2012/NĐ-CP ngày 02/5/2012 của Chính phủ về nghiệp vụ phát hành tiền; bảo quản, vận chuyển tài sản quý và giấy tờ có giá trong hệ t"
38128,37/2014/TT-NHNN,02/5,Căn cứ,"hức năng, nhiệm vụ, quyền hạn và cơ cấu tổ chức của Ngân hàng Nhà nước Việt Nam; Căn cứ Nghị định số 40/2012/NĐ-CP ngày 02/5/2012 của Chính phủ về nghiệp vụ phát hành tiền; bảo quản, vận chuyển tài sản quý và giấy tờ có giá trong hệ thống Ngân"
38128,37/2014/TT-NHNN,23/2009/TT-NHNN,Thay thế,"ền. Điều 21. Điều khoản thi hành Thông tư này có hiệu lực thi hành từ ngày 12 tháng 01 năm 2015 và thay thế Thông tư số 23/2009/TT-NHNN ngày 02/12/2009 quy định việc thiết kế mẫu, chế bản và quản lý in, đúc tiền Việt Nam. Điều 22. Trách nhiệm tổ chức thực"
38128,37/2014/TT-NHNN,02/12,Thay thế,"ản thi hành Thông tư này có hiệu lực thi hành từ ngày 12 tháng 01 năm 2015 và thay thế Thông tư số 23/2009/TT-NHNN ngày 02/12/2009 quy định việc thiết kế mẫu, chế bản và quản lý in, đúc tiền Việt Nam. Điều 22. Trách nhiệm tổ chức thực hiện Chánh"
26750,67/2011/QH12,51/2001/QH10,"Sửa đổi, bổ sung","n cứ Hiến pháp nước Cộng hòa xã hội chủ nghĩa Việt Nam năm 1992 đã được sửa đổi, bổ sung một số điều theo Nghị quyết số 51/2001/QH10; Quốc hội ban hành Luật Kiểm toán độc lập, Chương I NHỮNG QUY ĐỊNH CHUNG Điều 1. Phạm vi điều chỉnh Luật này quy định n"
163441,46/2023/NĐ-CP,47/2020/NĐ-CP,Dẫn chiếu,"iểm với các cơ sở dữ liệu quốc gia và các cơ sở dữ liệu chuyên ngành khác được thực hiện theo quy định tại Nghị định số 47/2020/NĐ-CP ngày 09 tháng 4 năm 2020 của Chính phủ về quản lý, kết nối và chia sẻ dữ liệu số trong cơ quan nhà nước và pháp luật ch"
163441,46/2023/NĐ-CP,73/2016/NĐ-CP,Dẫn chiếu,"c ngày 01 tháng 01 năm 2028, vốn điều lệ, vốn chủ sở hữu không thấp hơn vốn pháp định quy định tại Điều 10 Nghị định số 73/2016/NĐ-CP; từ ngày 01 tháng 01 năm 2028, vốn điều lệ, vốn chủ sở hữu không thấp hơn vốn điều lệ tối thiểu theo quy định tại Điều"
163441,46/2023/NĐ-CP,08/2022/QH15,Tham chiếu,ên kết đơn vị phải đảm bảo tuân thủ quy định chung về nguyên tắc đầu tư tại khoản 2 Điều 99 Luật Kinh doanh bảo hiểm số 08/2022/QH15. 2. Hạn mức đầu tư của từng quỹ liên kết đơn vị: a) Công cụ nợ của Chính phủ: Không hạn chế; b) Chứng khoán đang lưu hàn
163441,46/2023/NĐ-CP,73/2016/NĐ-CP,Thay thế,"ng 01 năm 2023 thì không được phép gia hạn khoản đầu tư này. 4. Nghị định này thay thế các văn bản sau: a) Nghị định số 73/2016/NĐ-CP ngày 01 tháng 7 năm 2016 của Chính phủ quy định chi tiết thi hành Luật Kinh doanh bảo hiểm và Luật sửa đổi, bổ sung một"
163441,46/2023/NĐ-CP,73/2016/NĐ-CP,Tham chiếu,"h doanh bảo hiểm, trừ các Điều 10, 61, 62, 63, 64, 65, 66, 67. Các Điều 10, 61, 62, 63, 64, 65, 66, 67 của Nghị định số 73/2016/NĐ-CP có hiệu lực đến hết ngày 31 tháng 12 năm 2027; b) Chương III Nghị định số 151/2018/NĐ-CP ngày 07 tháng 11 năm 2018 của"
163441,46/2023/NĐ-CP,151/2018/NĐ-CP,Tham chiếu,"64, 65, 66, 67 của Nghị định số 73/2016/NĐ-CP có hiệu lực đến hết ngày 31 tháng 12 năm 2027; b) Chương III Nghị định số 151/2018/NĐ-CP ngày 07 tháng 11 năm 2018 của Chính phủ sửa đổi, bổ sung một số Nghị định quy định về điều kiện đầu tư, kinh doanh thuộ"
163441,46/2023/NĐ-CP,80/2019/NĐ-CP,Tham chiếu,"ị định quy định về điều kiện đầu tư, kinh doanh thuộc phạm vi quản lý nhà nước của Bộ Tài chính; c) Điều 1 Nghị định số 80/2019/NĐ-CP ngày 01 tháng 11 năm 2019 của Chính phủ sửa đổi, bổ sung một số điều của Nghị định số 73/2016/NĐ-CP ngày 01 tháng 7 năm"
163441,46/2023/NĐ-CP,73/2016/NĐ-CP,"Sửa đổi, bổ sung","Điều 1 Nghị định số 80/2019/NĐ-CP ngày 01 tháng 11 năm 2019 của Chính phủ sửa đổi, bổ sung một số điều của Nghị định số 73/2016/NĐ-CP ngày 01 tháng 7 năm 2016 của Chính phủ quy định chi tiết thi hành Luật Kinh doanh bảo hiểm và Luật sửa đổi, bổ sung một"
163441,46/2023/NĐ-CP,98/2013/NĐ-CP,"Sửa đổi, bổ sung","tiết thi hành Luật Kinh doanh bảo hiểm và Luật sửa đổi, bổ sung một số điều của Luật Kinh doanh bảo hiểm, Nghị định số 98/2013/NĐ-CP ngày 28 tháng 8 năm 2013 của Chính phủ quy định về xử phạt vi phạm hành chính trong lĩnh vực kinh doanh bảo hiểm, kinh"
163441,46/2023/NĐ-CP,48/2018/NĐ-CP,"Sửa đổi, bổ sung","hành chính trong lĩnh vực kinh doanh bảo hiểm, kinh doanh xổ số đã được sửa đổi, bổ sung một số điều theo Nghị định số 48/2018/NĐ-CP ngày 21 tháng 3 năm 2018 của Chính phủ. Điều 123. Trách nhiệm thi hành Các Bộ trưởng, Thủ trưởng cơ quan ngang bộ, Thủ"
163441,46/2023/NĐ-CP,08/2022/QH15,Căn cứ,. ĐƠN ĐỀ NGHỊ CẤP GIẤY PHÉP THÀNH LẬP VÀ HOẠT ĐỘNG Kính gửi: Bộ trưởng Bộ Tài chính. Căn cứ Luật Kinh doanh bảo hiểm số 08/2022/QH15 ngày 16/6/2022 và các văn bản hướng dẫn thi hành; Chúng tôi (sau đây gọi là chủ đầu tư) đề nghị Bộ Tài chính cấp Giấy p
163441,46/2023/NĐ-CP,16/6,Căn cứ,GIẤY PHÉP THÀNH LẬP VÀ HOẠT ĐỘNG Kính gửi: Bộ trưởng Bộ Tài chính. Căn cứ Luật Kinh doanh bảo hiểm số 08/2022/QH15 ngày 16/6/2022 và các văn bản hướng dẫn thi hành; Chúng tôi (sau đây gọi là chủ đầu tư) đề nghị Bộ Tài chính cấp Giấy phép thành
163441,46/2023/NĐ-CP,14/2023/NĐ-CP,Căn cứ,"ng... năm... BỘ TRƯỞNG BỘ TÀI CHÍNH Căn cứ Luật Kinh doanh bảo hiểm số 08/2022/QH15 ngày 16/6/2022; Căn cứ Nghị định số 14/2023/NĐ-CP ngày 20/4/2023 của Chính phủ quy định chức năng, nhiệm vụ, quyền hạn và cơ cấu tổ chức của Bộ Tài chính; Căn cứ Nghị đị"
163441,46/2023/NĐ-CP,20/4,Căn cứ,"ỞNG BỘ TÀI CHÍNH Căn cứ Luật Kinh doanh bảo hiểm số 08/2022/QH15 ngày 16/6/2022; Căn cứ Nghị định số 14/2023/NĐ-CP ngày 20/4/2023 của Chính phủ quy định chức năng, nhiệm vụ, quyền hạn và cơ cấu tổ chức của Bộ Tài chính; Căn cứ Nghị định số 46/2"
163441,46/2023/NĐ-CP,01/7,Căn cứ,"phủ quy định chức năng, nhiệm vụ, quyền hạn và cơ cấu tổ chức của Bộ Tài chính; Căn cứ Nghị định số 46/2023/NĐ-CP ngày 01/7/2023 của Chính phủ quy định chi tiết thi hành một số điều của Luật Kinh doanh bảo hiểm; Xét đơn và hồ sơ ngày... tháng."
163441,46/2023/NĐ-CP,31/Đi,Dẫn chiếu,"Giám đốc (Giám đốc), Chuyên gia tính toán đáp ứng tiêu chuẩn chung của người quản trị, điều hành theo quy định tại Điều 31/Điều 32 Nghị định số ...... và hồ sơ kèm theo. NGƯỜI ĐẠI DIỆN THEO PHÁP LUẬT (Ký tên và đóng dấu) Hồ sơ kèm theo: Liệt kê"
163441,46/2023/NĐ-CP,16/2022/QH15,Căn cứ,"c Số: ... / GPĐC... / VPĐD Hà Nội, ngày ... tháng ... năm ... BỘ TRƯỞNG BỘ TÀI CHÍNH Căn cứ Luật Kinh doanh bảo hiểm số 16/2022/QH15 ngày 16/6/2022; Căn cứ Nghị định số 14/2023/NĐ-CP ngày 20/4/2023 của Chính phủ quy định chức năng, nhiệm vụ, quyền hạn"
146468,156/2020/NĐ-CP,1/2,Tham chiếu,ịnh mức phạt tiền áp dụng đối với cá nhân. Trường hợp cá nhân có hành vi vi phạm như của tổ chức thì mức phạt tiền bằng 1/2 mức phạt tiền đối với tổ chức. Điều 6. Thời hiệu xử phạt vi phạm hành chính trong lĩnh vực chứng khoán 1. Thời hiệu xử
146468,156/2020/NĐ-CP,1/3,Tham chiếu,"vi vi phạm sau: a) Không đảm bảo số lượng thành viên Hội đồng quản trị theo quy định pháp luật; không đảm bảo tối thiểu 1/3 tổng số thành viên Hội đồng quản trị là thành viên không điều hành; không đảm bảo cơ cấu, số lượng thành viên Hội đồng"
146468,156/2020/NĐ-CP,108/2013/NĐ-CP,Tham chiếu,THI HÀNH Điều 52. Hiệu lực thi hành 1. Nghị định này có hiệu lực thi hành từ ngày 01 tháng 01 năm 2021. 2. Nghị định số 108/2013/NĐ-CP ngày 23 tháng 9 năm 2013 của Chính phủ quy định xử phạt vi phạm hành chính trong lĩnh vực chứng khoán và thị trường chứ
146468,156/2020/NĐ-CP,145/2016/NĐ-CP,Tham chiếu,"của Chính phủ quy định xử phạt vi phạm hành chính trong lĩnh vực chứng khoán và thị trường chứng khoán và Nghị định số 145/2016/NĐ-CP ngày 01 tháng 11 năm 2016 của Chính phủ sửa đổi, bổ sung một số điều của Nghị định số 108/2013/NĐ-CP ngày 23 tháng 9 nă"
146468,156/2020/NĐ-CP,108/2013/NĐ-CP,"Sửa đổi, bổ sung","án và Nghị định số 145/2016/NĐ-CP ngày 01 tháng 11 năm 2016 của Chính phủ sửa đổi, bổ sung một số điều của Nghị định số 108/2013/NĐ-CP ngày 23 tháng 9 năm 2013 của Chính phủ quy định xử phạt vi phạm hành chính trong lĩnh vực chứng khoán và thị trường chứ"
168220,27/2024/TT-NHNN,2024/TT-NHNN,Tham chiếu,"VIỆT NAM --------- CỘNG HÒA XÃ HỘI CHỦ NGHĨA VIỆT NAM Độc lập - Tự do - Hạnh phúc ---------------------------- Số: 27 /2024/TT-NHNN Hà Nội, ngày 28 tháng 6 năm 2024 THÔNG TƯ Quy định về ngân hàng hợp tác xã, việc trích nộp, quản lý và sử dụng Quỹ bảo"
168220,27/2024/TT-NHNN,102/2022/NĐ-CP,Căn cứ,"ật Các tổ chức tín dụng ngày 18 tháng 01 năm 2024; Căn cứ Luật Hợp tác xã ngày 20 tháng 6 năm 2023; Căn cứ Nghị định số 102/2022/NĐ-CP ngày 12 tháng 12 năm 2022 của Chính phủ quy định chức năng, nhiệm vụ, quyền hạn và cơ cấu tổ chức của Ngân hàng Nhà nướ"
168220,27/2024/TT-NHNN,31/01,Tham chiếu,"uỹ tín dụng nhân dân có trách nhiệm trích nộp phí tham gia đầy đủ, đúng hạn vào Quỹ bảo toàn một năm một lần trước ngày 31/01 của năm tiếp theo. 2. Việc trích nộp Quỹ bảo toàn theo quy định tại khoản 1 Điều này được thực hiện như sau: a) Mức phí"
168220,27/2024/TT-NHNN,31/12,Tham chiếu,"thực hiện như sau: a) Mức phí trích nộp hằng năm bằng 0,05% dư nợ cho vay bình quân năm liền kề trước kết thúc vào ngày 31/12 của ngân hàng hợp tác xã, quỹ tín dụng nhân dân, trong đó dư nợ cho vay bình quân năm được tính bằng tổng dư nợ cho vay"
168220,27/2024/TT-NHNN,31/2012/TT-NHNN,Bãi bỏ,u 33. Hiệu lực thi hành 1. Thông tư này có hiệu lực từ ngày 01 tháng 7 năm 2024. 2. Thông tư này bãi bỏ: a) Thông tư số 31/2012/TT-NHNN ngày 26 tháng 11 năm 2012 của Thống đốc Ngân hàng Nhà nước quy định về ngân hàng hợp tác xã; b) Thông tư số 09/2016/TT-
168220,27/2024/TT-NHNN,09/2016/TT-NHNN,Tham chiếu,"012/TT-NHNN ngày 26 tháng 11 năm 2012 của Thống đốc Ngân hàng Nhà nước quy định về ngân hàng hợp tác xã; b) Thông tư số 09/2016/TT-NHNN ngày 17 tháng 6 năm 2016 sửa đổi, bổ sung một số điều của Thông tư số 31/2012/TT-NHNN ngày 26/11/2012 của Thống đốc Ngâ"
168220,27/2024/TT-NHNN,31/2012/TT-NHNN,"Sửa đổi, bổ sung","n hàng hợp tác xã; b) Thông tư số 09/2016/TT-NHNN ngày 17 tháng 6 năm 2016 sửa đổi, bổ sung một số điều của Thông tư số 31/2012/TT-NHNN ngày 26/11/2012 của Thống đốc Ngân hàng Nhà nước quy định về ngân hàng hợp tác xã; c) Thông tư số 03/2014/TT-NHNN ngày"
168220,27/2024/TT-NHNN,26/11,"Sửa đổi, bổ sung","Thông tư số 09/2016/TT-NHNN ngày 17 tháng 6 năm 2016 sửa đổi, bổ sung một số điều của Thông tư số 31/2012/TT-NHNN ngày 26/11/2012 của Thống đốc Ngân hàng Nhà nước quy định về ngân hàng hợp tác xã; c) Thông tư số 03/2014/TT-NHNN ngày 23 tháng 01"
168220,27/2024/TT-NHNN,03/2014/TT-NHNN,Tham chiếu,tư số 31/2012/TT-NHNN ngày 26/11/2012 của Thống đốc Ngân hàng Nhà nước quy định về ngân hàng hợp tác xã; c) Thông tư số 03/2014/TT-NHNN ngày 23 tháng 01 năm 2014 của Thống đốc Ngân hàng Nhà nước quy định về Quỹ đảm bảo an toàn hệ thống quỹ tín dụng nhân d
168220,27/2024/TT-NHNN,21/2019/TT-NHNN,Tham chiếu,"đốc Ngân hàng Nhà nước quy định về Quỹ đảm bảo an toàn hệ thống quỹ tín dụng nhân dân; d) Điều 1 và Điều 5 Thông tư số 21/2019/TT-NHNN ngày 14 tháng 11 năm 2019 sửa đổi, bổ sung một số điều của các Thông tư quy định về ngân hàng hợp tác xã, quỹ tín dụng"
168220,27/2024/TT-NHNN,24/2023/TT-NHNN,Tham chiếu,"gân hàng hợp tác xã, quỹ tín dụng nhân dân và quỹ bảo đảm an toàn hệ thống quỹ tín dụng nhân dân; đ) Điều 1 Thông tư số 24/2023/TT-NHNN ngày 30 tháng 12 năm 2023 sửa đổi, bổ sung một số điều của các Thông tư liên quan đến việc nộp, xuất trình, cung cấp th"
168220,27/2024/TT-NHNN,21/2023/TT-NHNN,Tham chiếu,"giấy tờ về dân cư khi thực hiện thủ tục hành chính trong lĩnh vực thành lập và hoạt động ngân hàng. đ) Điều 2 Thông tư 21/2023/TT-NHNN sửa đổi, bổ sung một số điều của các Thông tư liên quan đến hoạt động kinh doanh thuộc phạm vi, chức năng quản lý của N"
133858,05/2019/NĐ-CP,68/2000/NĐ-CP,Tham chiếu,"oản đóng góp theo lương của số người lao động hiện có (bao gồm: số biên chế có mặt, lao động hợp đồng theo Nghị định số 68/2000/NĐ-CP ngày 17 tháng 11 năm 2000 của Chính phủ và lao động hợp đồng chuyên môn khác) trong một năm từ 20 tỷ đồng trở lên hoặc"
169221,43/2024/TT-NHNN,01/2014/TT-NHNN,"Sửa đổi, bổ sung","– Hạnh phúc Số: 43/2024/TT-NHNN Hà Nội, ngày 09 tháng 8 năm 2024 THÔNG TƯ Sửa đổi, bổ sung một số điều của Thông tư số 01/2014/TT-NHNN ngày 10 tháng 12 năm 2014 của Thống đốc Ngân hàng Nhà nước Việt Nam hướng dẫn việc tổ chức thực hiện hoạt động quản lý"
169221,43/2024/TT-NHNN,50/2014/NĐ-CP,Căn cứ,"năm 2005; Pháp lệnh sửa đổi, bổ sung một số điều của Pháp lệnh Ngoại hối ngày 18 tháng 3 năm 2013; Căn cứ Nghị định số 50/2014/NĐ-CP ngày 20 tháng 5 năm 2014 của Chính phủ về quản lý dự trữ ngoại hối nhà nước; Căn cứ Nghị định số 102/2022/NĐ-CP ngày 12"
169221,43/2024/TT-NHNN,102/2022/NĐ-CP,Căn cứ,"định số 50/2014/NĐ-CP ngày 20 tháng 5 năm 2014 của Chính phủ về quản lý dự trữ ngoại hối nhà nước; Căn cứ Nghị định số 102/2022/NĐ-CP ngày 12 tháng 12 năm 2022 của Chính phủ quy định chức năng, nhiệm vụ, quyền hạn và cơ cấu tổ chức của Ngân hàng Nhà nướ"
169221,43/2024/TT-NHNN,12/2023/TT-NHNN,"Sửa đổi, bổ sung","ày giao dịch.” 7. Sửa đổi, bổ sung khoản 1 và khoản 5 Điều 14 (đã được sửa đổi, bổ sung bởi khoản 11 Điều 1 Thông tư số 12/2023/TT-NHNN ngày 12/10/2023 của Thống đốc Ngân hàng Nhà nước Việt Nam sửa đổi, bổ sung một số điều của các văn bản quy phạm pháp lu"
169221,43/2024/TT-NHNN,12/10,"Sửa đổi, bổ sung","đổi, bổ sung khoản 1 và khoản 5 Điều 14 (đã được sửa đổi, bổ sung bởi khoản 11 Điều 1 Thông tư số 12/2023/TT-NHNN ngày 12/10/2023 của Thống đốc Ngân hàng Nhà nước Việt Nam sửa đổi, bổ sung một số điều của các văn bản quy phạm pháp luật quy định"
169221,43/2024/TT-NHNN,12/2023/TT-NHNN,Dẫn chiếu,ông nhiệm vụ hạch toán giữa Cục Quản lý dự trữ ngoại hối nhà nước và Sở Giao dịch theo quy định tại Điều 13 Thông tư số 12/2023/TT-NHNN: Hằng ngày: Số liệu về dự trữ ngoại hối nhà nước theo mẫu quy định tại Phụ lục số 01 ban hành kèm theo Thông tư này; Mu
169221,43/2024/TT-NHNN,01/2020/TT-NHNN,"Sửa đổi, bổ sung","tư này. 13. Sửa đổi, bổ sung điểm a và điểm c khoản 2 Điều 30 (đã được sửa đổi, bổ sung bởi khoản 13 Điều 1 Thông tư số 01/2020/TT-NHNN ngày 31/12/2020 của Thống đốc Ngân hàng Nhà nước Việt Nam sửa đổi, bổ sung một số điều của Thông tư 01/2014/TT-NHNN ngà"
169221,43/2024/TT-NHNN,31/12,"Sửa đổi, bổ sung","bổ sung điểm a và điểm c khoản 2 Điều 30 (đã được sửa đổi, bổ sung bởi khoản 13 Điều 1 Thông tư số 01/2020/TT-NHNN ngày 31/12/2020 của Thống đốc Ngân hàng Nhà nước Việt Nam sửa đổi, bổ sung một số điều của Thông tư 01/2014/TT-NHNN ngày 10 tháng"
169221,43/2024/TT-NHNN,01/2014/TT-NHNN,Bãi bỏ,"các nhiệm vụ khác theo quy định tại Thông tư này.” Điều 2. Thay thế, bổ sung và bãi bỏ một số quy định của Thông tư số 01/2014/TT-NHNN 1. Thay thế Phụ lục số 01, Phụ lục số 03, Phụ lục số 04, Phụ lục số 06, Phụ lục số 07 và Phụ lục số 08 (đã được thay th"
169221,43/2024/TT-NHNN,12/2023/TT-NHNN,Thay thế,"ục số 01, Phụ lục số 03, Phụ lục số 04, Phụ lục số 06, Phụ lục số 07 và Phụ lục số 08 (đã được thay thế bởi Thông tư số 12/2023/TT-NHNN) bằng Phụ lục số 01, Phụ lục số 03, Phụ lục số 04, Phụ lục số 06, Phụ lục số 07 và Phụ lục số 08 tương ứng ban hành kèm"
169221,43/2024/TT-NHNN,23/9,Tham chiếu,"ệt Nam chịu trách nhiệm tổ chức thực hiện Thông tư này. Điều 4. Điều khoản thi hành 1. Thông tư này có hiệu lực từ ngày 23/9/2024. 2. Thông tư này bãi bỏ khoản 3, khoản 4, khoản 5, khoản 9, khoản 16 Điều 1, khoản 3, khoản 4 Điều 2 Thông tư số 0"
169221,43/2024/TT-NHNN,01/2020/TT-NHNN,Bãi bỏ,"9/2024. 2. Thông tư này bãi bỏ khoản 3, khoản 4, khoản 5, khoản 9, khoản 16 Điều 1, khoản 3, khoản 4 Điều 2 Thông tư số 01/2020/TT-NHNN. 3. Thông tư này bãi bỏ điểm a khoản 2, điểm b khoản 3, khoản 4, khoản 5, khoản 6, khoản 8, khoản 12 và khoản 16, điểm b"
169221,43/2024/TT-NHNN,12/2023/TT-NHNN,Tham chiếu,"khoản 3, khoản 4, khoản 5, khoản 6, khoản 8, khoản 12 và khoản 16, điểm b khoản 20 Điều 1 và Phụ lục số 09 Thông tư số 12/2023/TT-NHNN. Nơi nhận: - Như Điều 3; - Thủ tướng Chính phủ; các Phó Thủ tướng (để b/c); - Văn phòng Chính phủ; - Bộ Tài chính; - Bộ"
95652,135/2015/NĐ-CP,2015/NĐ-CP,Tham chiếu,"CHÍNH PHỦ CỘNG HÒA XÃ HỘI CHỦ NGHĨA VIỆT NAM Độc lập – Tự do – Hạnh phúc Số: 135 /2015/NĐ-CP Hà Nội, ngày 31 tháng 12 năm 2015 NGHỊ ĐỊNH Q uy định về đầu tư gián tiếp ra nước ngoài _____________ Căn cứ Luật Tổ ch"
f69936f0-6937-11f1-a48d-29bc6b0fd706,17/VBHN-BTC,156/2020/NĐ-CP,Tham chiếu,___ NGHỊ ĐỊNH [1] Quy định xử phạt vi phạm hành chính trong lĩnh vực chứng khoán và thị trường chứng khoán Nghị định số 156/2020/NĐ-CP ngày 31 tháng 12 năm 2020 của Chính phủ quy định xử phạt vi phạm hành chính trong lĩnh vực chứng khoán và thị trường ch
f69936f0-6937-11f1-a48d-29bc6b0fd706,17/VBHN-BTC,128/2021/NĐ-CP,"Sửa đổi, bổ sung","à thị trường chứng khoán, có hiệu lực thi hành kể từ ngày 01 tháng 01 năm 2021, được sửa đổi, bổ sung bởi: Nghị định số 128/2021/NĐ-CP ngày 30 tháng 12 năm 2021 của Chính phủ sửa đổi, bổ sung một số điều của Nghị định số 156/2020/NĐ-CP ngày 31 tháng 12 n"
f69936f0-6937-11f1-a48d-29bc6b0fd706,17/VBHN-BTC,156/2020/NĐ-CP,"Sửa đổi, bổ sung","bởi: Nghị định số 128/2021/NĐ-CP ngày 30 tháng 12 năm 2021 của Chính phủ sửa đổi, bổ sung một số điều của Nghị định số 156/2020/NĐ-CP ngày 31 tháng 12 năm 2020 của Chính phủ quy định xử phạt vi phạm hành chính trong lĩnh vực chứng khoán và thị trường ch"
f69936f0-6937-11f1-a48d-29bc6b0fd706,17/VBHN-BTC,306/2025/NĐ-CP,Tham chiếu,"rong lĩnh vực chứng khoán và thị trường chứng khoán, có hiệu lực thi hành kể từ ngày 01 tháng 01 năm 2022. Nghị định số 306/2025/NĐ-CP ngày 25 tháng 11 năm 2025 của Chính phủ sửa đổi, bổ sung một số điều của Nghị định số 156/2020/NĐ-CP ngày 31 tháng 12 n"
f69936f0-6937-11f1-a48d-29bc6b0fd706,17/VBHN-BTC,158/2020/NĐ-CP,"Sửa đổi, bổ sung","sửa đổi, bổ sung một số điều theo Nghị định số 128/2021/NĐ-CP ngày 30 tháng 12 năm 2021 của Chính phủ) và Nghị định số 158/2020/NĐ-CP ngày 31 tháng 12 năm 2020 của Chính phủ về chứng khoán phái sinh và thị trường chứng khoán phái sinh, có hiệu lực thi h"
f69936f0-6937-11f1-a48d-29bc6b0fd706,17/VBHN-BTC,1/2,Tham chiếu,t tiền áp dụng cho tổ chức và cho cá nhân. Trường hợp cá nhân có hành vi vi phạm như của tổ chức thì mức phạt tiền bằng 1/2 mức phạt tiền đối với tổ chức. Điều 6. Thời hiệu xử phạt vi phạm hành chính trong lĩnh vực chứng khoán [23] 1. Thời hiệ
f69936f0-6937-11f1-a48d-29bc6b0fd706,17/VBHN-BTC,155/2020/NĐ-CP,Dẫn chiếu,úng thực hiện thông báo thay đổi tỷ lệ sở hữu nước ngoài tối đa không đúng thời gian quy định tại Điều 141 Nghị định số 155/2020/NĐ-CP ngày 31 tháng 12 năm 2020 của Chính phủ quy định chi tiết thi hành một số điều của Luật Chứng khoán. 2. Phạt tiền từ 50
f69936f0-6937-11f1-a48d-29bc6b0fd706,17/VBHN-BTC,108/2013/NĐ-CP,Tham chiếu,NH [180] Điều 52. Hiệu lực thi hành 1. Nghị định này có hiệu lực thi hành từ ngày 01 tháng 01 năm 2021. 2. Nghị định số 108/2013/NĐ-CP ngày 23 tháng 9 năm 2013 của Chính phủ quy định xử phạt vi phạm hành chính trong lĩnh vực chứng khoán và thị trường chứ
f69936f0-6937-11f1-a48d-29bc6b0fd706,17/VBHN-BTC,145/2016/NĐ-CP,Tham chiếu,"của Chính phủ quy định xử phạt vi phạm hành chính trong lĩnh vực chứng khoán và thị trường chứng khoán và Nghị định số 145/2016/NĐ-CP ngày 01 tháng 11 năm 2016 của Chính phủ sửa đổi, bổ sung một số điều của Nghị định số 108/2013/NĐ-CP ngày 23 tháng 9 nă"
f69936f0-6937-11f1-a48d-29bc6b0fd706,17/VBHN-BTC,108/2013/NĐ-CP,"Sửa đổi, bổ sung","án và Nghị định số 145/2016/NĐ-CP ngày 01 tháng 11 năm 2016 của Chính phủ sửa đổi, bổ sung một số điều của Nghị định số 108/2013/NĐ-CP ngày 23 tháng 9 năm 2013 của Chính phủ quy định xử phạt vi phạm hành chính trong lĩnh vực chứng khoán và thị trường chứ"
30402,202/2012/TT-BTC,67/2011/QH12,Căn cứ,quản lý và công khai danh sách kiểm toán viên hành nghề kiểm toán ___________________ Căn cứ Luật Kiểm toán độc lập số 67/2011/QH12 ngày 29 tháng 3 năm 2011; Căn cứ Nghị định số 17/2012/NĐ-CP ngày 13/3/2012 của Chính phủ quy định chi tiết và hướng dẫn
30402,202/2012/TT-BTC,17/2012/NĐ-CP,Căn cứ,ểm toán ___________________ Căn cứ Luật Kiểm toán độc lập số 67/2011/QH12 ngày 29 tháng 3 năm 2011; Căn cứ Nghị định số 17/2012/NĐ-CP ngày 13/3/2012 của Chính phủ quy định chi tiết và hướng dẫn thi hành một số điều của Luật kiểm toán độc lập; Căn cứ Ngh
30402,202/2012/TT-BTC,13/3,Căn cứ,________ Căn cứ Luật Kiểm toán độc lập số 67/2011/QH12 ngày 29 tháng 3 năm 2011; Căn cứ Nghị định số 17/2012/NĐ-CP ngày 13/3/2012 của Chính phủ quy định chi tiết và hướng dẫn thi hành một số điều của Luật kiểm toán độc lập; Căn cứ Nghị định số
30402,202/2012/TT-BTC,118/2008/NĐ-CP,Căn cứ,"/2012 của Chính phủ quy định chi tiết và hướng dẫn thi hành một số điều của Luật kiểm toán độc lập; Căn cứ Nghị định số 118/2008/NĐ-CP ngày 27/11/2008 của Chính phủ Quy định chức năng, nhiệm vụ, quyền hạn và cơ cấu tổ chức của Bộ Tài chính; Theo đề nghị"
30402,202/2012/TT-BTC,27/11,Căn cứ,"quy định chi tiết và hướng dẫn thi hành một số điều của Luật kiểm toán độc lập; Căn cứ Nghị định số 118/2008/NĐ-CP ngày 27/11/2008 của Chính phủ Quy định chức năng, nhiệm vụ, quyền hạn và cơ cấu tổ chức của Bộ Tài chính; Theo đề nghị của Vụ trưở"
30402,202/2012/TT-BTC,01/ĐKHN,Dẫn chiếu,ký hành nghề kiểm toán 1. Đơn đề nghị cấp Giấy chứng nhận đăng ký hành nghề kiểm toán theo mẫu quy định tại Phụ lục số 01/ĐKHN ban hành kèm theo Thông tư này. 2. Bản sao hợp đồng lao động làm toàn bộ thời gian tại doanh nghiệp kiểm toán. 3. Giấy
30402,202/2012/TT-BTC,04/ĐKHN,Dẫn chiếu,i gian tại doanh nghiệp kiểm toán. 3. Giấy xác nhận về thời gian thực tế làm kiểm toán theo mẫu quy định tại Phụ lục số 04/ĐKHN ban hành kèm theo Thông tư này hoặc tài liệu chứng minh về thời gian thực tế làm kiểm toán hoặc Bản giải trình kèm theo
30402,202/2012/TT-BTC,05/ĐKHN,Dẫn chiếu,toán (trừ các trường hợp quy định tại Điều 16 Thông tư này). 4. Bản thông tin cá nhân theo mẫu quy định tại Phụ lục số 05/ĐKHN ban hành kèm theo Thông tư này. 5. Phiếu lý lịch tư pháp do cơ quan có thẩm quyền cấp trong thời hạn không quá sáu (06)
30402,202/2012/TT-BTC,06/ĐKHN,Dẫn chiếu,n đăng ký hành nghề kiểm toán cho các kiểm toán viên đăng ký hành nghề tại đơn vị mình theo mẫu quy định tại Phụ lục số 06/ĐKHN ban hành kèm theo Thông tư này kèm theo hồ sơ đăng ký hành nghề của từng kiểm toán viên. Hồ sơ gửi trực tiếp hoặc gửi q
30402,202/2012/TT-BTC,31/12,Tham chiếu,ề kiểm toán. 2. Giấy chứng nhận đăng ký hành nghề kiểm toán có thời hạn tối đa là 5 năm (60 tháng) nhưng không quá ngày 31/12 của năm thứ năm kể từ năm bắt đầu có hiệu lực của Giấy chứng nhận đăng ký hành nghề kiểm toán. 3. Mẫu Giấy chứng nhận đ
30402,202/2012/TT-BTC,07/ĐKHN,Dẫn chiếu,chứng nhận đăng ký hành nghề kiểm toán. 3. Mẫu Giấy chứng nhận đăng ký hành nghề kiểm toán được quy định tại Phụ lục số 07/ĐKHN ban hành kèm theo Thông tư này. Điều 7. Cấp và sử dụng Giấy chứng nhận đăng ký hành nghề kiểm toán 1. Kiểm toán viên hà
30402,202/2012/TT-BTC,02/ĐKHN,Dẫn chiếu,t thời hạn bao gồm: a) Đơn đề nghị cấp lại Giấy chứng nhận đăng ký hành nghề kiểm toán theo mẫu quy định tại Phụ lục số 02/ĐKHN ban hành kèm theo Thông tư này; b) 02 ảnh màu 3x4cm được chụp trên nền trắng trong thời hạn không quá sáu (06) tháng tí
30402,202/2012/TT-BTC,03/ĐKHN,Dẫn chiếu,ểm toán bao gồm: a) Đơn đề nghị điều chỉnh Giấy chứng nhận đăng ký hành nghề kiểm toán theo mẫu quy định tại Phụ lục số 03/ĐKHN ban hành kèm theo Thông tư này; b) 02 ảnh màu 3x4cm được chụp trên nền trắng trong thời hạn không quá sáu (06) tháng tí
30402,202/2012/TT-BTC,31/8,Dẫn chiếu,"m toán quy định tại khoản 3 Điều 9 Thông tư này. Điều 14. Trách nhiệm của kiểm toán viên hành nghề 1. Chậm nhất là ngày 31/8 hàng năm, kiểm toán viên hành nghề phải gửi Báo cáo duy trì điều kiện hành nghề kiểm toán hàng năm cho Bộ Tài chính thô"
30402,202/2012/TT-BTC,10/ĐKHN,Dẫn chiếu,ều kiện hành nghề kiểm toán hàng năm cho Bộ Tài chính thông qua doanh nghiệp kiểm toán theo mẫu quy định tại Phụ lục số 10/ĐKHN ban hành kèm theo Thông tư này. 2. Thông báo bằng văn bản cho Bộ Tài chính chậm nhất là 15 ngày kể từ ngày Giấy chứng n
30402,202/2012/TT-BTC,08/ĐKHN,Dẫn chiếu,"iá trị đối với các trường hợp quy định tại điểm d, đ, e, h khoản 1 Điều 8 Thông tư này theo mẫu quy định tại Phụ lục số 08/ĐKHN ban hành kèm theo Thông tư này. 3. Có văn bản gửi doanh nghiệp kiểm toán về việc không tiếp tục hành nghề kiểm toán the"
30402,202/2012/TT-BTC,11/ĐKHN,Dẫn chiếu,hành nghề kiểm toán hàng năm của các kiểm toán viên đăng ký hành nghề tại đơn vị mình theo mẫu quy định tại Phụ lục số 11/ĐKHN ban hành kèm theo Thông tư này kèm theo Báo cáo duy trì điều kiện hành nghề kiểm toán hàng năm của từng kiểm toán viên
30402,202/2012/TT-BTC,31/8,Tham chiếu,o Báo cáo duy trì điều kiện hành nghề kiểm toán hàng năm của từng kiểm toán viên gửi đến Bộ Tài chính chậm nhất là ngày 31/8 hàng năm. 4. Thông báo bằng văn bản cho Bộ Tài chính chậm nhất là 15 ngày kể từ ngày Giấy chứng nhận hết hiệu lực hoặc
30402,202/2012/TT-BTC,09/ĐKHN,Dẫn chiếu,giữa trụ sở chính với các chi nhánh hoặc giữa các chi nhánh của doanh nghiệp kiểm toán theo mẫu quy định tại Phụ lục số 09/ĐKHN ban hành kèm theo Thông tư này. 7. Trường hợp Giấy chứng nhận đăng ký hành nghề kiểm toán còn thời hạn nhưng hợp đồng l
30402,202/2012/TT-BTC,01/01,Tham chiếu,"g thời hạn ba năm, kể từ ngày Luật Kiểm toán độc lập có hiệu lực, người đã được cấp chứng chỉ kiểm toán viên trước ngày 01/01/2012 được đăng ký hành nghề kiểm toán theo quy định của Thông tư này mà không cần bảo đảm điều kiện về thời gian thực t"
30402,202/2012/TT-BTC,01/3,Tham chiếu,định tại điểm b khoản 1 Điều 3 Thông tư này. Điều 17. Hiệu lực thi hành 1. Thông tư này có hiệu lực thi hành kể từ ngày 01/3/2013. 2. Kiểm toán viên đã đăng ký hành nghề cho năm 2013 trước ngày 01/3/2013 chỉ được ký báo cáo kiểm toán và báo cáo
30402,202/2012/TT-BTC,30/6,Tham chiếu,"nghề cho năm 2013 trước ngày 01/3/2013 chỉ được ký báo cáo kiểm toán và báo cáo kết quả công tác soát xét đến hết ngày 30/6/2013. 3. Từ ngày 01/7/2013 trở đi, chỉ có các kiểm toán viên hành nghề được cấp Giấy chứng nhận đăng ký hành nghề kiểm"
30402,202/2012/TT-BTC,01/7,Tham chiếu,"ớc ngày 01/3/2013 chỉ được ký báo cáo kiểm toán và báo cáo kết quả công tác soát xét đến hết ngày 30/6/2013. 3. Từ ngày 01/7/2013 trở đi, chỉ có các kiểm toán viên hành nghề được cấp Giấy chứng nhận đăng ký hành nghề kiểm toán theo quy định tại"
30402,202/2012/TT-BTC,64/2004/TT-BTC,Dẫn chiếu,quy định về đăng ký hành nghề kiểm toán của kiểm toán viên và quản lý kiểm toán viên hành nghề quy định tại Thông tư số 64/2004/TT-BTC ngày 29/6/2004 hướng dẫn thi hành một số điều của Nghị định số 105/2004/NĐ-CP ngày 30/3/2004 của Chính phủ về kiểm toán
30402,202/2012/TT-BTC,29/6,Dẫn chiếu,hành nghề kiểm toán của kiểm toán viên và quản lý kiểm toán viên hành nghề quy định tại Thông tư số 64/2004/TT-BTC ngày 29/6/2004 hướng dẫn thi hành một số điều của Nghị định số 105/2004/NĐ-CP ngày 30/3/2004 của Chính phủ về kiểm toán độc lập h
30402,202/2012/TT-BTC,105/2004/NĐ-CP,Dẫn chiếu,n viên hành nghề quy định tại Thông tư số 64/2004/TT-BTC ngày 29/6/2004 hướng dẫn thi hành một số điều của Nghị định số 105/2004/NĐ-CP ngày 30/3/2004 của Chính phủ về kiểm toán độc lập hết hiệu lực kể từ ngày Thông tư này có hiệu lực thi hành. Điều 18. T
30402,202/2012/TT-BTC,30/3,Tham chiếu,định tại Thông tư số 64/2004/TT-BTC ngày 29/6/2004 hướng dẫn thi hành một số điều của Nghị định số 105/2004/NĐ-CP ngày 30/3/2004 của Chính phủ về kiểm toán độc lập hết hiệu lực kể từ ngày Thông tư này có hiệu lực thi hành. Điều 18. Tổ chức thự
173460,57/2024/TT-NHNN,102/2022/NĐ-CP,Căn cứ,"nước Việt Nam ngày 16 tháng 6 năm 2010; Căn cứ Luật Các tổ chức tín dụng ngày 18 tháng 01 năm 2024; Căn cứ Nghị định số 102/2022/NĐ-CP ngày 12 tháng 12 năm 2022 của Chính phủ quy định chức năng, nhiệm vụ, quyền hạn và cơ cấu tổ chức của Ngân hàng Nhà nướ"
173460,57/2024/TT-NHNN,162/2024/NĐ-CP,Căn cứ,"hính phủ quy định chức năng, nhiệm vụ, quyền hạn và cơ cấu tổ chức của Ngân hàng Nhà nước Việt Nam; Căn cứ Nghị định số 162/2024/NĐ-CP ngày 20 tháng 12 năm 2024 của Chính phủ quy định điều kiện cấp Giấy phép đối với quỹ tín dụng nhân dân, tổ chức tài chí"
27257,44/2011/TT-NHNN,46/2010/QH12,Căn cứ,"bộ và kiểm toán nội bộ của tổ chức tín dụng, chi nhánh ngân hàng nước ngoài Căn cứ Luật Ngân hàng Nhà nước Việt Nam số 46/2010/QH12 ngày 16 tháng 6 năm 2010; Căn cứ Luật Các tổ chức tín dụng số 47/2010/QH12 ngày 16 tháng 6 năm 2010; Căn cứ Nghị định s"
27257,44/2011/TT-NHNN,47/2010/QH12,Căn cứ,"i Căn cứ Luật Ngân hàng Nhà nước Việt Nam số 46/2010/QH12 ngày 16 tháng 6 năm 2010; Căn cứ Luật Các tổ chức tín dụng số 47/2010/QH12 ngày 16 tháng 6 năm 2010; Căn cứ Nghị định số 96/2008/NĐ-CP ngày 26/8/2008 của Chính phủ quy định chức năng, nhiệm vụ,"
27257,44/2011/TT-NHNN,96/2008/NĐ-CP,Căn cứ,"gày 16 tháng 6 năm 2010; Căn cứ Luật Các tổ chức tín dụng số 47/2010/QH12 ngày 16 tháng 6 năm 2010; Căn cứ Nghị định số 96/2008/NĐ-CP ngày 26/8/2008 của Chính phủ quy định chức năng, nhiệm vụ, quyền hạn và cơ cấu tổ chức của Ngân hàng Nhà nước Việt Nam;"
27257,44/2011/TT-NHNN,26/8,Căn cứ,"2010; Căn cứ Luật Các tổ chức tín dụng số 47/2010/QH12 ngày 16 tháng 6 năm 2010; Căn cứ Nghị định số 96/2008/NĐ-CP ngày 26/8/2008 của Chính phủ quy định chức năng, nhiệm vụ, quyền hạn và cơ cấu tổ chức của Ngân hàng Nhà nước Việt Nam; Ngân hàng"
27257,44/2011/TT-NHNN,36/2006/QĐ-NHNN,Tham chiếu,"này. Điều 39. Hiệu lực thi hành 1. Thông tư này có hiệu lực thi hành kể từ ngày 12 tháng 02 năm 2012. 2. Quyết định số 36/2006/QĐ-NHNN ngày 01/8/2006 của Thống đốc Ngân hàng Nhà nước ban hành Quy chế kiểm tra, kiểm soát nội bộ của tổ chức tín dụng và Quy"
27257,44/2011/TT-NHNN,01/8,Tham chiếu,"ực thi hành 1. Thông tư này có hiệu lực thi hành kể từ ngày 12 tháng 02 năm 2012. 2. Quyết định số 36/2006/QĐ-NHNN ngày 01/8/2006 của Thống đốc Ngân hàng Nhà nước ban hành Quy chế kiểm tra, kiểm soát nội bộ của tổ chức tín dụng và Quyết định số"
27257,44/2011/TT-NHNN,37/2006/QĐ-NHNN,Tham chiếu,"2006 của Thống đốc Ngân hàng Nhà nước ban hành Quy chế kiểm tra, kiểm soát nội bộ của tổ chức tín dụng và Quyết định số 37/2006/QĐ-NHNN ngày 01/8/2006 của Thống đốc Ngân hàng Nhà nước ban hành Quy chế kiểm toán nội bộ của tổ chức tín dụng hết hiệu lực kể"
143217,66/2020/TT-BTC,88/2015/QH,Căn cứ,y 10 tháng 7 năm 2020 THÔNG TƯ Ban hành Quy chế mẫu về kiểm toán nội bộ áp dụng cho doanh nghiệp Căn cứ Luật kế toán số 88/2015/QH 13 ngày 20 tháng 11 năm 2015; Căn cứ Nghị định số 05/2019/NĐ-CP ngày 22 thảng 01 năm 2019 của Chính phủ về kiếm toán nộ
143217,66/2020/TT-BTC,05/2019/NĐ-CP,Căn cứ,oán nội bộ áp dụng cho doanh nghiệp Căn cứ Luật kế toán số 88/2015/QH 13 ngày 20 tháng 11 năm 2015; Căn cứ Nghị định số 05/2019/NĐ-CP ngày 22 thảng 01 năm 2019 của Chính phủ về kiếm toán nội bộ; Căn cứ Nghị định số 87/2017/NĐ-CP ngày 26 tháng 7 năm 2017
143217,66/2020/TT-BTC,87/2017/NĐ-CP,Căn cứ,"015; Căn cứ Nghị định số 05/2019/NĐ-CP ngày 22 thảng 01 năm 2019 của Chính phủ về kiếm toán nội bộ; Căn cứ Nghị định số 87/2017/NĐ-CP ngày 26 tháng 7 năm 2017 của Chính phủ quy định chức năng, nhiệm vụ, quyền hạn và cơ cấu tố chức của Bộ Tài chính; Theo"
143217,66/2020/TT-BTC,05/2019/NĐ-CP,Dẫn chiếu,p. Điều 2. Đối tượng áp dụng 1. Thông tư này áp dụng đối với các doanh nghiệp quy định tại khoản 1 Điều 10 Nghị định số 05/2019/NĐ-CP ngày 22 tháng 01 năm 2019 của Chính phủ về kiếm toán nội bộ. 2. Các doanh nghiệp không thuộc quy định tại khoản 1 Điều
143217,66/2020/TT-BTC,05/2019/NĐ-CP,Tham chiếu,"oán nội bộ tại Phụ lục Thông tư này để xây dựng Quy chế kiểm toán nội bộ, đảm bảo phù hợp với quy định của Nghị định số 05/2019/NĐ-CP ngày 22 tháng 01 năm 2019 của Chính phù về kiểm toán nội bộ, các quy định pháp luật hiện hành và cơ cấu tổ chức, hoạt đ"
168859,29/2024/TT-NHNN,102/2022/NĐ-CP,Căn cứ,"ật Các tổ chức tín dụng ngày 18 tháng 01 năm 2024; Căn cứ Luật Hợp tác xã ngày 17 tháng 6 năm 2023; Căn cứ Nghị định số 102/2022/NĐ-CP ngày 12 tháng 12 năm 2022 của Chính phủ quy định chức năng, nhiệm vụ, quyền hạn và cơ cấu tổ chức của Ngân hàng Nhà nướ"
168859,29/2024/TT-NHNN,01/7,Tham chiếu,"kề với xã nơi quỹ tín dụng nhân dân đặt trụ sở chính thuộc phạm vi một tỉnh, thành phố trực thuộc Trung ương trước ngày 01/7/2024 được duy trì địa bàn hoạt động hiện tại khi đáp ứng các điều kiện sau: a) Có từ 300 thành viên trở lên; b) Giá trị"
168859,29/2024/TT-NHNN,06/2007/TT-NHNN,Dẫn chiếu,"hân dân hoạt động theo ngành nghề, quỹ tín dụng nhân dân hoạt động theo từng doanh nghiệp được quy định tại Thông tư số 06/2007/TT-NHNN ngày 06 tháng 11 năm 2007 của Thống đốc Ngân hàng Nhà nước sửa đổi, bổ sung Thông tư số 08/2005/TT-NHNN ngày 30 tháng 1"
168859,29/2024/TT-NHNN,08/2005/TT-NHNN,"Sửa đổi, bổ sung","tại Thông tư số 06/2007/TT-NHNN ngày 06 tháng 11 năm 2007 của Thống đốc Ngân hàng Nhà nước sửa đổi, bổ sung Thông tư số 08/2005/TT-NHNN ngày 30 tháng 12 năm 2005 của Ngân hàng Nhà nước hướng dẫn thực hiện Nghị định số 48/2001/NĐ-CP ngày 13/8/2001 về tổ ch"
168859,29/2024/TT-NHNN,48/2001/NĐ-CP,"Sửa đổi, bổ sung",", bổ sung Thông tư số 08/2005/TT-NHNN ngày 30 tháng 12 năm 2005 của Ngân hàng Nhà nước hướng dẫn thực hiện Nghị định số 48/2001/NĐ-CP ngày 13/8/2001 về tổ chức và hoạt động của quỹ tín dụng nhân dân và Nghị định số 69/2005/NĐ-CP ngày 26 tháng 5 năm 2005"
168859,29/2024/TT-NHNN,13/8,Tham chiếu,số 08/2005/TT-NHNN ngày 30 tháng 12 năm 2005 của Ngân hàng Nhà nước hướng dẫn thực hiện Nghị định số 48/2001/NĐ-CP ngày 13/8/2001 về tổ chức và hoạt động của quỹ tín dụng nhân dân và Nghị định số 69/2005/NĐ-CP ngày 26 tháng 5 năm 2005 của Chính
168859,29/2024/TT-NHNN,69/2005/NĐ-CP,Tham chiếu,"n thực hiện Nghị định số 48/2001/NĐ-CP ngày 13/8/2001 về tổ chức và hoạt động của quỹ tín dụng nhân dân và Nghị định số 69/2005/NĐ-CP ngày 26 tháng 5 năm 2005 của Chính phủ về việc sửa đổi, bổ sung một số điều của Nghị định số 48/2001/NĐ-CP ngày 13 thán"
168859,29/2024/TT-NHNN,01/7,Dẫn chiếu,"c quản lý, giám sát hoạt động của quỹ tín dụng nhân dân có địa bàn hoạt động theo quy định tại khoản này. 5. Kể từ ngày 01/7/2024, quỹ tín dụng nhân dân có địa bàn hoạt động liên xã là các xã liền kề với xã nơi quỹ tín dụng nhân dân đặt trụ sở"
168859,29/2024/TT-NHNN,01/01,Tham chiếu,n đã ký kết cho đến hết thời hạn của hợp đồng cho vay. 2. Sổ tiết kiệm do quỹ tín dụng nhân dân đã phát hành trước ngày 01/01/2020 cho khách hàng được tiếp tục sử dụng đến khi đến hạn của khoản tiền gửi tiết kiệm (trừ trường hợp đến hạn của khoả
168859,29/2024/TT-NHNN,04/2015/TT-NHNN,Bãi bỏ,Hiệu lực thi hành 1. Thông tư này có hiệu lực thi hành từ ngày 01 tháng 7 năm 2024. 2. Thông tư này bãi bỏ: a) Thông tư 04/2015/TT-NHNN ngày 31/03/2015 của Thống đốc Ngân hàng Nhà nước quy định về quỹ tín dụng nhân dân; b) Thông tư số 06/2017/TT-NHNN ngày
168859,29/2024/TT-NHNN,31/03,Bãi bỏ,Thông tư này có hiệu lực thi hành từ ngày 01 tháng 7 năm 2024. 2. Thông tư này bãi bỏ: a) Thông tư 04/2015/TT-NHNN ngày 31/03/2015 của Thống đốc Ngân hàng Nhà nước quy định về quỹ tín dụng nhân dân; b) Thông tư số 06/2017/TT-NHNN ngày 05/7/2017
168859,29/2024/TT-NHNN,06/2017/TT-NHNN,Tham chiếu,"g tư 04/2015/TT-NHNN ngày 31/03/2015 của Thống đốc Ngân hàng Nhà nước quy định về quỹ tín dụng nhân dân; b) Thông tư số 06/2017/TT-NHNN ngày 05/7/2017 của Thống đốc Ngân hàng sửa đổi, bổ sung một số điều của Thông tư số 03/2014/TT-NHNN ngày 23/01/2014 của"
168859,29/2024/TT-NHNN,05/7,Tham chiếu,"ngày 31/03/2015 của Thống đốc Ngân hàng Nhà nước quy định về quỹ tín dụng nhân dân; b) Thông tư số 06/2017/TT-NHNN ngày 05/7/2017 của Thống đốc Ngân hàng sửa đổi, bổ sung một số điều của Thông tư số 03/2014/TT-NHNN ngày 23/01/2014 của Thống đốc"
168859,29/2024/TT-NHNN,03/2014/TT-NHNN,"Sửa đổi, bổ sung","dân; b) Thông tư số 06/2017/TT-NHNN ngày 05/7/2017 của Thống đốc Ngân hàng sửa đổi, bổ sung một số điều của Thông tư số 03/2014/TT-NHNN ngày 23/01/2014 của Thống đốc Ngân hàng Nhà nước quy định về quỹ bảo đảm an toàn hệ thống quỹ tín dụng nhân dân và Thôn"
168859,29/2024/TT-NHNN,23/01,"Sửa đổi, bổ sung","6/2017/TT-NHNN ngày 05/7/2017 của Thống đốc Ngân hàng sửa đổi, bổ sung một số điều của Thông tư số 03/2014/TT-NHNN ngày 23/01/2014 của Thống đốc Ngân hàng Nhà nước quy định về quỹ bảo đảm an toàn hệ thống quỹ tín dụng nhân dân và Thông tư số 04/"
168859,29/2024/TT-NHNN,04/2015/TT-NHNN,Tham chiếu,"/01/2014 của Thống đốc Ngân hàng Nhà nước quy định về quỹ bảo đảm an toàn hệ thống quỹ tín dụng nhân dân và Thông tư số 04/2015/TT-NHNN ngày 31/03/2015 của Thống đốc Ngân hàng Nhà nước quy định về quỹ tín dụng nhân dân; c) Điều 2, khoản 1 Điều 6 Thông tư"
168859,29/2024/TT-NHNN,31/03,Tham chiếu,"c Ngân hàng Nhà nước quy định về quỹ bảo đảm an toàn hệ thống quỹ tín dụng nhân dân và Thông tư số 04/2015/TT-NHNN ngày 31/03/2015 của Thống đốc Ngân hàng Nhà nước quy định về quỹ tín dụng nhân dân; c) Điều 2, khoản 1 Điều 6 Thông tư 21/2019/TT-"
168859,29/2024/TT-NHNN,21/2019/TT-NHNN,Tham chiếu,"ngày 31/03/2015 của Thống đốc Ngân hàng Nhà nước quy định về quỹ tín dụng nhân dân; c) Điều 2, khoản 1 Điều 6 Thông tư 21/2019/TT-NHNN ngày 14/11/2019 của Thống đốc Ngân hàng Nhà nước sửa đổi, bổ sung một số điều của các Thông tư quy định về ngân hàng hợ"
168859,29/2024/TT-NHNN,14/11,Tham chiếu,"Thống đốc Ngân hàng Nhà nước quy định về quỹ tín dụng nhân dân; c) Điều 2, khoản 1 Điều 6 Thông tư 21/2019/TT-NHNN ngày 14/11/2019 của Thống đốc Ngân hàng Nhà nước sửa đổi, bổ sung một số điều của các Thông tư quy định về ngân hàng hợp tác xã, q"
168859,29/2024/TT-NHNN,01/2023/TT-NHNN,Tham chiếu,"nh về ngân hàng hợp tác xã, quỹ tín dụng nhân dân và quỹ bảo đảm an toàn hệ thống quỹ tín dụng nhân dân; d) Thông tư số 01/2023/TT-NHNN ngày 01/3/2023 của Thống đốc Ngân hàng Nhà nước sửa đổi, bổ sung một số điều của Thông tư số 04/2015/TT-NHNN ngày 31/3/"
168859,29/2024/TT-NHNN,01/3,Tham chiếu,"ác xã, quỹ tín dụng nhân dân và quỹ bảo đảm an toàn hệ thống quỹ tín dụng nhân dân; d) Thông tư số 01/2023/TT-NHNN ngày 01/3/2023 của Thống đốc Ngân hàng Nhà nước sửa đổi, bổ sung một số điều của Thông tư số 04/2015/TT-NHNN ngày 31/3/2015 của T"
168859,29/2024/TT-NHNN,04/2015/TT-NHNN,"Sửa đổi, bổ sung","hông tư số 01/2023/TT-NHNN ngày 01/3/2023 của Thống đốc Ngân hàng Nhà nước sửa đổi, bổ sung một số điều của Thông tư số 04/2015/TT-NHNN ngày 31/3/2015 của Thống đốc Ngân hàng Nhà nước Việt Nam quy định về quỹ tín dụng nhân dân; đ) Điều 2 Thông tư số 24/20"
168859,29/2024/TT-NHNN,31/3,"Sửa đổi, bổ sung","-NHNN ngày 01/3/2023 của Thống đốc Ngân hàng Nhà nước sửa đổi, bổ sung một số điều của Thông tư số 04/2015/TT-NHNN ngày 31/3/2015 của Thống đốc Ngân hàng Nhà nước Việt Nam quy định về quỹ tín dụng nhân dân; đ) Điều 2 Thông tư số 24/2023/TT- NHN"
168859,29/2024/TT-NHNN,24/2023/TT-,Tham chiếu,"-NHNN ngày 31/3/2015 của Thống đốc Ngân hàng Nhà nước Việt Nam quy định về quỹ tín dụng nhân dân; đ) Điều 2 Thông tư số 24/2023/TT- NHNN ngày 29/12/2023 của Thống đốc Ngân hàng Nhà nước sửa đổi, bổ sung một số điều của các Thông tư liên quan đến việc"
168859,29/2024/TT-NHNN,29/12,Tham chiếu,"ủa Thống đốc Ngân hàng Nhà nước Việt Nam quy định về quỹ tín dụng nhân dân; đ) Điều 2 Thông tư số 24/2023/TT- NHNN ngày 29/12/2023 của Thống đốc Ngân hàng Nhà nước sửa đổi, bổ sung một số điều của các Thông tư liên quan đến việc nộp. xuất trình,"
150974,08/2021/TT-BTC,8/2021/TT-BTC,Tham chiếu,"BỘ TÀI CHÍNH CỘNG HOÀ XÃ HỘI CHỦ NGHĨA VIỆT NAM Độc lập - Tự do - Hạnh phúc Số: 8/2021/TT-BTC Hà Nội, ngày 25 tháng 01 năm 2021 THÔNG TƯ Ban hành chuẩn mực kiểm toán nội bộ Việt Nam và các nguyên tắc đạo đức nghề"
150974,08/2021/TT-BTC,88/2015/QH13,Căn cứ,bộ Việt Nam và các nguyên tắc đạo đức nghề nghiệp kiểm toán nội bộ ‾‾‾‾‾‾‾‾‾‾‾‾‾‾‾‾‾‾‾‾‾‾‾‾‾‾‾‾ Căn cứ Luật kế toán số 88/2015/QH13 ngày 20 tháng 11 năm 2015; Căn cứ Nghị định 05/2019/NĐ-CP ngày 22 tháng 01 năm 2019 của Chính phủ về kiểm toán nội bộ;
150974,08/2021/TT-BTC,05/2019/NĐ-CP,Căn cứ,oán nội bộ ‾‾‾‾‾‾‾‾‾‾‾‾‾‾‾‾‾‾‾‾‾‾‾‾‾‾‾‾ Căn cứ Luật kế toán số 88/2015/QH13 ngày 20 tháng 11 năm 2015; Căn cứ Nghị định 05/2019/NĐ-CP ngày 22 tháng 01 năm 2019 của Chính phủ về kiểm toán nội bộ; Căn cứ Nghị định số 87/2017/NĐ-CP ngày 26 tháng 7 năm 2017
150974,08/2021/TT-BTC,87/2017/NĐ-CP,Căn cứ,"m 2015; Căn cứ Nghị định 05/2019/NĐ-CP ngày 22 tháng 01 năm 2019 của Chính phủ về kiểm toán nội bộ; Căn cứ Nghị định số 87/2017/NĐ-CP ngày 26 tháng 7 năm 2017 của Chính phủ quy định chức năng, nhiệm vụ, quyền hạn và cơ cấu tổ chức của Bộ Tài chính; Theo"
150974,08/2021/TT-BTC,05/2019/NĐ-CP,Dẫn chiếu,"đối với các doanh nghiệp, cơ quan nhà nước, đơn vị sự nghiệp công lập quy định tại Điều 8, Điều 9, Điều 10 Nghị định số 05/2019/NĐ-CP ngày 22 tháng 01 năm 2019 của Chính phủ về kiểm toán nội bộ và các tổ chức cá nhân có liên quan trong hoạt động kiểm to"
164719,22/2023/TT-NHNN,41/2016/TT-NHNN,"Sửa đổi, bổ sung","– Hạnh phúc Số: 22/2023/TT-NHNN Hà Nội, ngày 29 tháng 12 năm 2023 THÔNG TƯ Sửa đổi, bổ sung một số điều của Thông tư số 41/2016/TT-NHNN ngày 30 tháng 12 năm 2016 của Thống đốc Ngân hàng Nhà nước Việt Nam quy định tỷ lệ an toàn vốn đối với ngân hàng, chi n"
164719,22/2023/TT-NHNN,102/2022/NĐ-CP,Căn cứ,"2010 và Luật sửa đổi, bổ sung một số điều của Luật Các tổ chức tín dụng ngày 20 tháng 11 năm 2017; Căn cứ Nghị định số 102/2022/NĐ-CP ngày 12 tháng 12 năm 2022 của Chính phủ quy định chức năng, nhiệm vụ, quyền hạn và cơ cấu tổ chức của Ngân hàng Nhà nướ"
164719,22/2023/TT-NHNN,41/2016/TT-NHNN,Thay thế,"y định tại Thông tư này."" Điều 2. Thay thế Phụ lục 01, Phụ lục 02, Phụ lục 03, Phụ lục 04 và Phụ lục 06 của Thông tư số 41/2016/TT-NHNN bằng Phụ lục 01, Phụ lục 02, Phụ lục 03, Phụ lục 04 và Phụ lục 06 ban hành kèm theo Thông tư này. Điều 3. Trách nhiệm t"
173695,56/2024/TT-NHNN,102/2022/NĐ-CP,Căn cứ,"nước Việt Nam ngày 16 tháng 6 năm 2010; Căn cứ Luật Các tổ chức tín dụng ngày 18 tháng 01 năm 2024; Căn cứ Nghị định số 102/2022/NĐ-CP ngày 12 tháng 12 năm 2022 của Chính phủ quy định chức năng, nhiệm vụ, quyền hạn và cơ cấu tổ chức của Ngân hàng Nhà nướ"
173695,56/2024/TT-NHNN,162/NĐ-CP,Căn cứ,"hính phủ quy định chức năng, nhiệm vụ, quyền hạn và cơ cấu tổ chức của Ngân hàng Nhà nước Việt Nam; Căn cứ Nghị định số 162/NĐ-CP ngày 20 tháng 12 năm 2024 của Chính phủ quy định điều kiện cấp Giấy phép đối với quỹ tín dụng nhân dân, tổ chức tài chí"
186482,69/2025/TT-NHNN,46/2010/QH12,Căn cứ,"liên quan đến cắt giảm điều kiện kinh doanh, đơn giản hóa thủ tục hành chính Căn cứ Luật Ngân hàng Nhà nước Việt Nam số 46/2010/QH12; Căn cứ Luật Các tổ chức tín dụng số 32/2024/QH15 được sửa đổi, bổ sung bởi Luật số 96/2025/QH15; Căn cứ Nghị định số 2"
186482,69/2025/TT-NHNN,32/2024/QH15,Căn cứ,"iản hóa thủ tục hành chính Căn cứ Luật Ngân hàng Nhà nước Việt Nam số 46/2010/QH12; Căn cứ Luật Các tổ chức tín dụng số 32/2024/QH15 được sửa đổi, bổ sung bởi Luật số 96/2025/QH15; Căn cứ Nghị định số 26/2025/NĐ-CP của Chính phủ quy định chức năng, nhi"
186482,69/2025/TT-NHNN,96/2025/QH15,"Sửa đổi, bổ sung","g Nhà nước Việt Nam số 46/2010/QH12; Căn cứ Luật Các tổ chức tín dụng số 32/2024/QH15 được sửa đổi, bổ sung bởi Luật số 96/2025/QH15; Căn cứ Nghị định số 26/2025/NĐ-CP của Chính phủ quy định chức năng, nhiệm vụ, quyền hạn và cơ cấu tổ chức của Ngân hàn"
186482,69/2025/TT-NHNN,26/2025/NĐ-CP,Căn cứ,"2; Căn cứ Luật Các tổ chức tín dụng số 32/2024/QH15 được sửa đổi, bổ sung bởi Luật số 96/2025/QH15; Căn cứ Nghị định số 26/2025/NĐ-CP của Chính phủ quy định chức năng, nhiệm vụ, quyền hạn và cơ cấu tổ chức của Ngân hàng Nhà nước Việt Nam; Theo đề nghị c"
186482,69/2025/TT-NHNN,19/2013/TT-,"Sửa đổi, bổ sung","n cắt giảm điều kiện kinh doanh, đơn giản hóa thủ tục hành chính. Chương I SỬA ĐỔI, BỔ SUNG MỘT SỐ ĐIỀU CỦA THÔNG TƯ SỐ 19/2013/TT- NHNN CỦA THỐNG ĐỐC NGÂN HÀNG NHÀ NƯỚC VIỆT NAM QUY ĐỊNH VỀ VIỆC MUA, BÁN VÀ XỬ LÝ NỢ XẤU CỦA CÔNG TY QUẢN LÝ TÀI SẢN CỦ"
186482,69/2025/TT-NHNN,43/2015/TT-,"Sửa đổi, bổ sung","hoản 3 Điều 16; khoản 2 Điều 32; khoản 2 Điều 37 Thông tư này.”. Chương II SỬA ĐỔI, BỔ SUNG MỘT SỐ ĐIỀU CỦA THÔNG TƯ SỐ 43/2015/TT- NHNN CỦA THỐNG ĐỐC NGÂN HÀNG NHÀ NƯỚC VIỆT NAM QUY ĐỊNH VỀ TỔ CHỨC VÀ HOẠT ĐỘNG CỦA PHÒNG GIAO DỊCH BƯU ĐIỆN TRỰC THUỘC"
186482,69/2025/TT-NHNN,53/2018/TT-,"Sửa đổi, bổ sung","c quy định tại khoản 2, khoản 4, khoản 5 Điều 8 Thông tư này.”. Chương III SỬA ĐỔI, BỔ SUNG MỘT SỐ ĐIỀU CỦA THÔNG TƯ SỐ 53/2018/TT- NHNN CỦA THỐNG ĐỐC NGÂN HÀNG NHÀ NƯỚC VIỆT NAM QUY ĐỊNH VỀ MẠNG LƯỚI HOẠT ĐỘNG CỦA TỔ CHỨC TÍN DỤNG PHI NGÂN HÀNG Điều"
186482,69/2025/TT-NHNN,53/2018/TT-NHNN,Thay thế,iều lệ tối thiểu bằng mức vốn pháp định.”. Điều 24. Bãi bỏ Điều 24 Điều 25. Thay thế Phụ lục ban hành kèm theo Thông tư 53/2018/TT-NHNN Thay thế Phụ lục ban hành kèm theo Thông tư 53/2018/TT-NHNN bằng Phụ lục ban hành kèm theo Thông tư này. Chương IV SỬA
186482,69/2025/TT-NHNN,62/2024/TT-NHNN,"Sửa đổi, bổ sung","tư 53/2018/TT-NHNN bằng Phụ lục ban hành kèm theo Thông tư này. Chương IV SỬA ĐỔI, BỔ SUNG MỘT SỐ ĐIỀU CỦA THÔNG TƯ SỐ 62/2024/TT-NHNN CỦA THỐNG ĐỐC NGÂN HÀNG NHÀ NƯỚC VIỆT NAM QUY ĐỊNH VỀ ĐIỀU KIỆN, HỒ SƠ, THỦ TỤC CHẤP THUẬN VIỆC TỔ CHỨC LẠI NGÂN HÀNG T"
186482,69/2025/TT-NHNN,14/2015/TT-NHNN,Tham chiếu,"gày thông tư này có hiệu lực thi hành, các quy định sau đây hết hiệu lực thi hành: a) Khoản 8, khoản 14 Điều 1 Thông tư 14/2015/TT-NHNN sửa đổi bổ sung một số điều của Thông tư số 19/2013/TT-NHNN của Thống đốc Ngân hàng Nhà nước Việt Nam quy định về việc"
186482,69/2025/TT-NHNN,19/2013/TT-NHNN,"Sửa đổi, bổ sung","hết hiệu lực thi hành: a) Khoản 8, khoản 14 Điều 1 Thông tư 14/2015/TT-NHNN sửa đổi bổ sung một số điều của Thông tư số 19/2013/TT-NHNN của Thống đốc Ngân hàng Nhà nước Việt Nam quy định về việc mua, bán và xử lý nợ xấu của Công ty Quản lý tài sản của các"
186482,69/2025/TT-NHNN,03/2024/TT-NHNN,Tham chiếu,"3, 4 Điều 10” tại khoản 1 Điều 2; cụm từ ""khoản 2 Điều 12"", cụm từ ""các khoản 5, 6 Điều 13"" tại khoản 2 Điều 2 Thông tư 03/2024/TT-NHNN của Thống đốc Ngân hàng Nhà nước Việt Nam sửa đổi, bổ sung một số Điều của Thông tư số 19/2013/TT-NHNN của Thống đốc Ng"
186482,69/2025/TT-NHNN,27/2022/TT-NHNN,Tham chiếu,"lý tài sản của các tổ chức tín dụng Việt Nam; c) Cụm từ “điểm b khoản 3 Điều 10” tại điểm c khoản 5 Điều 1 Thông tư số 27/2022/TT-NHNN của Thống đốc Ngân hàng Nhà nước Việt Nam sửa đổi, bổ sung một số điều của các Thông tư quy định về phân cấp giải quyết"
186482,69/2025/TT-NHNN,30/2024/TT-NHNN,Tham chiếu,"h chính trong lĩnh vực thành lập và hoạt động ngân hàng; d) Khoản 7, khoản 9, khoản 14, điểm c khoản 15 Điều 1 Thông tư 30/2024/TT-NHNN của Thống đốc Ngân hàng Nhà nước Việt Nam sửa đổi, bổ sung một số điều của các Thông tư quy định về hồ sơ, thủ tục chấp"
112924,105/2016/TT-BTC,28/2005/PL-UBTVQH,Căn cứ,"Luật sửa đổi, bổ sung một số điều của Luật Kinh doanh bảo hiểm ngày 24 tháng 11 năm 2010; Căn cứ Pháp lệnh Ngoại hối số 28/2005/PL-UBTVQH ngày 13 tháng 12 năm 2005; Căn cứ Pháp lệnh số 06/2013/PL-UBTVQH13 ngày 18 tháng 03 năm 2013 sửa đổi, bổ sung một số đi"
112924,105/2016/TT-BTC,06/2013/PL-UBTVQH13,Căn cứ,"ày 24 tháng 11 năm 2010; Căn cứ Pháp lệnh Ngoại hối số 28/2005/PL-UBTVQH ngày 13 tháng 12 năm 2005; Căn cứ Pháp lệnh số 06/2013/PL-UBTVQH13 ngày 18 tháng 03 năm 2013 sửa đổi, bổ sung một số điều của Pháp lệnh Ngoại hối; Căn cứ Nghị định số 215/2013/NĐ-CP ngày"
112924,105/2016/TT-BTC,215/2013/NĐ-CP,Căn cứ,"06/2013/PL-UBTVQH13 ngày 18 tháng 03 năm 2013 sửa đổi, bổ sung một số điều của Pháp lệnh Ngoại hối; Căn cứ Nghị định số 215/2013/NĐ-CP ngày 23 tháng 12 năm 2013 của Chính phủ quy định chức năng, nhiệm vụ, quyền hạn và cơ cấu tổ chức của Bộ Tài chính; Căn"
112924,105/2016/TT-BTC,135/2015/NĐ-CP,Căn cứ,"năm 2013 của Chính phủ quy định chức năng, nhiệm vụ, quyền hạn và cơ cấu tổ chức của Bộ Tài chính; Căn cứ Nghị định số 135/2015/NĐ-CP ngày 31 tháng 12 năm 2015 của Chính phủ quy định về đầu tư gián tiếp ra nước ngoài; Theo đề nghị của Chủ tịch Ủy ban Ch"
112924,105/2016/TT-BTC,135/2015/NĐ-CP,Tham chiếu,"t động đầu tư gián tiếp ra nước ngoài. Điều 3. Giải thích từ ngữ Ngoài các từ ngữ đã được giải thích trong Nghị định số 135/2015/NĐ-CP ngày 31/12/2015 của Chính phủ quy định về đầu tư gián tiếp ra nước ngoài (sau đây gọi là Nghị định số 135/2015/NĐ-CP ),"
112924,105/2016/TT-BTC,31/12,Tham chiếu,"iếp ra nước ngoài. Điều 3. Giải thích từ ngữ Ngoài các từ ngữ đã được giải thích trong Nghị định số 135/2015/NĐ-CP ngày 31/12/2015 của Chính phủ quy định về đầu tư gián tiếp ra nước ngoài (sau đây gọi là Nghị định số 135/2015/NĐ-CP ), trong Thôn"
112924,105/2016/TT-BTC,135/2015/NĐ-CP,Dẫn chiếu,gián tiếp ra nước ngoài trong các trường hợp sau: a) Không còn đáp ứng quy định tại điểm d khoản 2 Điều 14 Nghị định số 135/2015/NĐ-CP . Trong thời hạn ba mươi (30) ngày kể từ ngày hết thời hạn khắc phục theo quy định của pháp luật hiện hành mà tổ chức k
112924,105/2016/TT-BTC,15/8,Tham chiếu,"ớc có thẩm quyền. Chương VI TỔ CHỨC THỰC HIỆN Điều 20. Điều khoản thi hành Thông tư này có hiệu lực thi hành kể từ ngày 15/8/2016. Điều 21. Tổ chức thực hiện 1. Bộ Tài chính, Ủy ban Chứng khoán Nhà nước, các tổ chức kinh doanh chứng khoán, quỹ"
174218,62/2024/TT-NHNN,102/2022/NĐ-CP,Căn cứ,"ăn cứ Luật Doanh nghiệp ngày 17 tháng 06 năm 2020; Căn cứ Luật Cạnh tranh ngày 12 tháng 6 năm 2018; Căn cứ Nghị định số 102/2022/NĐ-CP ngày 12 tháng 12 năm 2022 của Chính phủ quy định chức năng, nhiệm vụ, quyền hạn và cơ cấu tổ chức của Ngân hàng Nhà nướ"
174218,62/2024/TT-NHNN,36/2015/TT-NHNN,Tham chiếu,"ư này có hiệu lực thi hành kể từ ngày 17 tháng 2 năm 2025. 2. Kể từ ngày Thông tư này có hiệu lực thi hành, Thông tư số 36/2015/TT-NHNN ngày 31 tháng 12 năm 2015 của Thống đốc Ngân hàng Nhà nước Việt Nam quy định việc tổ chức lại tổ chức tín dụng hết hiệu"
186888,62/2025/TT-NHNN,46/2010/QH12,Căn cứ,"kiểm soát nội bộ của tổ chức tín dụng là hợp tác xã, tổ chức tài chính vi mô Căn cứ Luật Ngân hàng Nhà nước Việt Nam số 46/2010/QH12; Căn cứ Luật Các tổ chức tín dụng số 32/2024/QH15 được sửa đổi, bổ sung bởi Luật số 96/2025/QH15; Căn cứ Nghị định số 2"
186888,62/2025/TT-NHNN,32/2024/QH15,Căn cứ,"ã, tổ chức tài chính vi mô Căn cứ Luật Ngân hàng Nhà nước Việt Nam số 46/2010/QH12; Căn cứ Luật Các tổ chức tín dụng số 32/2024/QH15 được sửa đổi, bổ sung bởi Luật số 96/2025/QH15; Căn cứ Nghị định số 26/2025/NĐ-CP của Chính phủ quy định chức năng, nhi"
186888,62/2025/TT-NHNN,96/2025/QH15,"Sửa đổi, bổ sung","g Nhà nước Việt Nam số 46/2010/QH12; Căn cứ Luật Các tổ chức tín dụng số 32/2024/QH15 được sửa đổi, bổ sung bởi Luật số 96/2025/QH15; Căn cứ Nghị định số 26/2025/NĐ-CP của Chính phủ quy định chức năng, nhiệm vụ, quyền hạn và cơ cấu tổ chức của Ngân hàn"
186888,62/2025/TT-NHNN,26/2025/NĐ-CP,Căn cứ,"2; Căn cứ Luật Các tổ chức tín dụng số 32/2024/QH15 được sửa đổi, bổ sung bởi Luật số 96/2025/QH15; Căn cứ Nghị định số 26/2025/NĐ-CP của Chính phủ quy định chức năng, nhiệm vụ, quyền hạn và cơ cấu tổ chức của Ngân hàng Nhà nước Việt Nam; Theo đề nghị c"
186888,62/2025/TT-NHNN,44/2011/TT-NHNN,Bãi bỏ,ều 56. Điều khoản thi hành 1. Thông tư này có hiệu lực từ ngày 01 tháng 01 năm 2027. 2. Thông tư này bãi bỏ Thông tư số 44/2011/TT-NHNN ngày 29 tháng 12 năm 2011 của Thống đốc Ngân hàng Nhà nước Việt Nam quy định về hệ thống kiểm soát nội bộ và kiểm toán
6e689cd0-6f81-11f1-94d6-fd5d6d5ff793,52/VBHN-NHNN,56/2024/TT-NHNN,Tham chiếu,"p Giấy phép lần đầu của ngân hàng thương mại, chi nhánh ngân hàng nước ngoài, văn phòng đại diện nước ngoài Thông tư số 56/2024/TT-NHNN ngày 24 tháng 12 năm 2024 của Thống đốc Ngân hàng Nhà nước Việt Nam quy định hồ sơ, thủ tục cấp Giấy phép lần đầu của n"
6e689cd0-6f81-11f1-94d6-fd5d6d5ff793,52/VBHN-NHNN,12/2025/TT-NHNN,"Sửa đổi, bổ sung","i, văn phòng đại diện nước ngoài, có hiệu lực kể từ ngày 24 tháng 12 năm 2024 được sửa đổi, bổ sung bởi: 1. Thông tư số 12/2025/TT-NHNN ngày 30 tháng 6 năm 2025 của Thống đốc Ngân hàng Nhà nước Việt Nam sửa đổi, bổ sung một số điều của các Thông tư quy đị"
6e689cd0-6f81-11f1-94d6-fd5d6d5ff793,52/VBHN-NHNN,11/2026/TT-NHNN,Tham chiếu,"văn phòng đại diện nước ngoài, tổ chức tín dụng phi ngân hàng, có hiệu lực từ ngày 14 tháng 8 năm 2025. 2. Thông tư số 11/2026/TT-NHNN ngày 19 tháng 5 năm 2026 của Thống đốc Ngân hàng Nhà nước Việt Nam phân cấp thực hiện thủ tục hành chính trong lĩnh vực"
6e689cd0-6f81-11f1-94d6-fd5d6d5ff793,52/VBHN-NHNN,102/2022/NĐ-CP,Căn cứ,"nước Việt Nam ngày 16 tháng 6 năm 2010; Căn cứ Luật Các tổ chức tín dụng ngày 18 tháng 01 năm 2024; Căn cứ Nghị định số 102/2022/NĐ-CP ngày 12 tháng 12 năm 2022 của Chính phủ quy định chức năng, nhiệm vụ, quyền hạn và cơ cấu tổ chức của Ngân hàng Nhà nướ"
6e689cd0-6f81-11f1-94d6-fd5d6d5ff793,52/VBHN-NHNN,162/NĐ-CP,Căn cứ,"hính phủ quy định chức năng, nhiệm vụ, quyền hạn và cơ cấu tổ chức của Ngân hàng Nhà nước Việt Nam; Căn cứ Nghị định số 162/NĐ-CP ngày 20 tháng 12 năm 2024 của Chính phủ quy định điều kiện cấp Giấy phép đối với quỹ tín dụng nhân dân, tổ chức tài chí"
6e689cd0-6f81-11f1-94d6-fd5d6d5ff793,52/VBHN-NHNN,2024/TT-NHNN,Căn cứ,"c tín dụng là công ty trách nhiệm hữu hạn một thành viên, cổ đông sáng lập, thành viên sáng lập; Căn cứ Thông tư số .../2024/TT-NHNN ngày .. tháng ... năm 2024 của Thống đốc Ngân hàng Nhà nước Việt Nam quy định hồ sơ, thủ tục cấp Giấy phép lần đầu của"
6e689cd0-6f81-11f1-94d6-fd5d6d5ff793,52/VBHN-NHNN,31/7,Tham chiếu,"ơng mại Y. Phân tích nguồn vốn để Công ty X góp thành lập ngân hàng thương mại Y dựa trên bảng cân đối kế toán vào ngày 31/7/2007 như sau: Đơn vị: tỷ VND TT Tài sản TT Nguồn vốn I. Tài sản ngắn hạn 1.092,42 I. Nợ phải trả 664,88 1. Tiền và các"
6e689cd0-6f81-11f1-94d6-fd5d6d5ff793,52/VBHN-NHNN,162/2024/NĐ-CP,Căn cứ,"ĐÃ THỰC HIỆN ĐẦY ĐỦ NGHĨA VỤ THUẾ, BẢO HIỂM XÃ HỘI Kính gửi: Thống đốc Ngân hàng Nhà nước Việt Nam Căn cứ Nghị định số 162/2024/NĐ-CP ngày 20 tháng 12 năm 2024 của Chính phủ quy định điều kiện cấp Giấy phép đối với quỹ tín dụng nhân dân, tổ chức tài chí"
185630,63/2025/TT-NHNN,46/2010/QH12,Căn cứ,"TƯ Sửa đổi, bổ sung một số điều của một số Thông tư về quỹ tín dụng nhân dân Căn cứ Luật Ngân hàng Nhà nước Việt Nam số 46/2010/QH12; Căn cứ Luật Các tổ chức tín dụng số 32/2024/QH15 được sửa đổi, bổ sung bởi Luật số 96/2025/QH15; Căn cứ Luật Hợp tác x"
185630,63/2025/TT-NHNN,32/2024/QH15,Căn cứ,"ư về quỹ tín dụng nhân dân Căn cứ Luật Ngân hàng Nhà nước Việt Nam số 46/2010/QH12; Căn cứ Luật Các tổ chức tín dụng số 32/2024/QH15 được sửa đổi, bổ sung bởi Luật số 96/2025/QH15; Căn cứ Luật Hợp tác xã số 17/2023/QH15; Căn cứ Nghị định số 26/2025/NĐ-"
185630,63/2025/TT-NHNN,96/2025/QH15,"Sửa đổi, bổ sung","g Nhà nước Việt Nam số 46/2010/QH12; Căn cứ Luật Các tổ chức tín dụng số 32/2024/QH15 được sửa đổi, bổ sung bởi Luật số 96/2025/QH15; Căn cứ Luật Hợp tác xã số 17/2023/QH15; Căn cứ Nghị định số 26/2025/NĐ-CP của Chính phủ quy định chức năng, nhiệm vụ,"
185630,63/2025/TT-NHNN,17/2023/QH15,Căn cứ,"cứ Luật Các tổ chức tín dụng số 32/2024/QH15 được sửa đổi, bổ sung bởi Luật số 96/2025/QH15; Căn cứ Luật Hợp tác xã số 17/2023/QH15; Căn cứ Nghị định số 26/2025/NĐ-CP của Chính phủ quy định chức năng, nhiệm vụ, quyền hạn và cơ cấu tổ chức của Ngân hàn"
185630,63/2025/TT-NHNN,26/2025/NĐ-CP,Căn cứ,"2/2024/QH15 được sửa đổi, bổ sung bởi Luật số 96/2025/QH15; Căn cứ Luật Hợp tác xã số 17/2023/QH15; Căn cứ Nghị định số 26/2025/NĐ-CP của Chính phủ quy định chức năng, nhiệm vụ, quyền hạn và cơ cấu tổ chức của Ngân hàng Nhà nước Việt Nam; Theo đề nghị c"
185630,63/2025/TT-NHNN,29/2024/TT-NHNN,"Sửa đổi, bổ sung","bổ sung một số điều của một số Thông tư về quỹ tín dụng nhân dân. Chương I SỬA ĐỔI, BỔ SUNG MỘT SỐ ĐIỀU CỦA THÔNG TƯ SỐ 29/2024/TT-NHNN QUY ĐỊNH VỀ QUỸ TÍN DỤNG NHÂN DÂN Điều 1. Sửa đổi, bổ sung điểm d khoản 2 Điều 25 “d) Định kỳ hằng quý, nộp lại sổ tiết"
185630,63/2025/TT-NHNN,01/2025/TT-NHNN,"Sửa đổi, bổ sung","iếp tục thực hiện việc xử lý theo phương án đã được phê duyệt.”. Chương II SỬA ĐỔI, BỔ SUNG MỘT SỐ ĐIỀU CỦA THÔNG TƯ SỐ 01/2025/TT-NHNN QUY ĐỊNH VỀ CẤP GIẤY PHÉP LẦN ĐẦU, CẤP ĐỔI GIẤY PHÉP CỦA QUỸ TÍN DỤNG NHÂN DÂN Điều 3. Sửa đổi, bổ sung Điều 5 1. Sửa đ"
185630,63/2025/TT-NHNN,01/2025/TT-NHNN,Tham chiếu,"iếng Anh (nếu có)” tại phần “Tên quỹ tín dụng nhân dân” tại Phụ lục số 01, 02, 03, 07, 08 ban hành kèm theo Thông tư số 01/2025/TT-NHNN. Chương III SỬA ĐỔI, BỔ SUNG MỘT SỐ ĐIỀU CỦA THÔNG TƯ SỐ 10/2025/TT-NHNN QUY ĐỊNH VỀ TỔ CHỨC LẠI, THU HỒI GIẤY PHÉP VÀ T"
185630,63/2025/TT-NHNN,10/2025/TT-NHNN,"Sửa đổi, bổ sung",", 02, 03, 07, 08 ban hành kèm theo Thông tư số 01/2025/TT-NHNN. Chương III SỬA ĐỔI, BỔ SUNG MỘT SỐ ĐIỀU CỦA THÔNG TƯ SỐ 10/2025/TT-NHNN QUY ĐỊNH VỀ TỔ CHỨC LẠI, THU HỒI GIẤY PHÉP VÀ THANH LÝ TÀI SẢN CỦA QUỸ TÍN DỤNG NHÂN DÂN Điều 8. Bổ sung khoản 4 vào Đi"
185630,63/2025/TT-NHNN,08/2025/TT-NHNN,Dẫn chiếu,"ày có hiệu lực thi hành kể từ ngày 16 tháng 02 năm 2026. 2. Thông tư này bãi bỏ quy định tại khoản 1 Điều 2 Thông tư số 08/2025/TT-NHNN ngày 06 tháng 6 năm 2025 của Thống đốc Ngân hàng Nhà nước Việt Nam sửa đổi, bổ sung một số điều của Thông tư số 43/2015"
185630,63/2025/TT-NHNN,43/2015/TT-NHNN,"Sửa đổi, bổ sung","TT-NHNN ngày 06 tháng 6 năm 2025 của Thống đốc Ngân hàng Nhà nước Việt Nam sửa đổi, bổ sung một số điều của Thông tư số 43/2015/TT-NHNN ngày 31 tháng 12 năm 2015 của Thống đốc Ngân hàng Nhà nước Việt Nam quy định về tổ chức và hoạt động của phòng giao dịc"
185630,63/2025/TT-NHNN,29/2024/TT-NHNN,Tham chiếu,"chức và hoạt động của phòng giao dịch bưu điện trực thuộc Ngân hàng thương mại cổ phần Bưu điện Liên Việt, Thông tư số 29/2024/TT-NHNN ngày 28 tháng 6 năm 2024 của Thống đốc Ngân hàng Nhà nước Việt Nam quy định về quỹ tín dụng nhân dân và Thông tư số 32/"
185630,63/2025/TT-NHNN,32/2024/TT-NHNN,Tham chiếu,HNN ngày 28 tháng 6 năm 2024 của Thống đốc Ngân hàng Nhà nước Việt Nam quy định về quỹ tín dụng nhân dân và Thông tư số 32/2024/TT-NHNN ngày 30 tháng 6 năm 2024 của Thống đốc Ngân hàng Nhà nước Việt Nam quy định về mạng lưới hoạt động của ngân hàng thương
117310,41/2016/TT-NHNN,46/2010/QH12,Căn cứ,"Quy định tỷ lệ an toàn vốn đối với ngân hàng, chi nhánh ngân hàng nước ngoài Căn cứ Luật Ngân hàng Nhà nước Việt Nam số 46/2010/QH12 ngày 16 tháng 6 năm 2010; Căn cứ Luật các tổ chức tín dụng số 47/2010/QH12 ngày 16 tháng 6 năm 2010; Căn cứ Nghị định s"
117310,41/2016/TT-NHNN,47/2010/QH12,Căn cứ,i Căn cứ Luật Ngân hàng Nhà nước Việt Nam số 46/2010/QH12 ngày 16 tháng 6 năm 2010; Căn cứ Luật các tổ chức tín dụng số 47/2010/QH12 ngày 16 tháng 6 năm 2010; Căn cứ Nghị định số 156/2013/NĐ-CP ngày 11 tháng 11 năm 2013 của Chính phủ quy định chức năng
117310,41/2016/TT-NHNN,156/2013/NĐ-CP,Căn cứ,"gày 16 tháng 6 năm 2010; Căn cứ Luật các tổ chức tín dụng số 47/2010/QH12 ngày 16 tháng 6 năm 2010; Căn cứ Nghị định số 156/2013/NĐ-CP ngày 11 tháng 11 năm 2013 của Chính phủ quy định chức năng, nhiệm vụ, quyền hạn và cơ cấu tổ chức của Ngân hàng Nhà nướ"
166269,17/2023/QH15,23/2012/QH13,Tham chiếu,"nh tại khoản 3 và khoản 4 Điều 115 của Luật này có hiệu lực thi hành từ ngày 01 tháng 9 năm 2023. 3. Luật Hợp tác xã số 23/2012/QH13 hết hiệu lực kể từ ngày Luật này có hiệu lực thi hành, trừ quy định tại khoản 5 Điều 115 của Luật này. 4. Trong thời gi"
44209,01/2014/TT-NHNN,46/2010/QH12,Căn cứ,"ịnh về giao nhận, bảo quản, vận chuyển tiền mặt, tài sản quý, giấy tờ có giá Căn cứ Luật Ngân hàng Nhà nước Việt Nam số 46/2010/QH12 ngày 16 tháng 6 năm 2010; Căn cứ Luật Các tổ chức tín dụng số 47/2010/QH12 ngày 16 tháng 6 năm 2010; Căn cứ Nghị định s"
44209,01/2014/TT-NHNN,47/2010/QH12,Căn cứ,á Căn cứ Luật Ngân hàng Nhà nước Việt Nam số 46/2010/QH12 ngày 16 tháng 6 năm 2010; Căn cứ Luật Các tổ chức tín dụng số 47/2010/QH12 ngày 16 tháng 6 năm 2010; Căn cứ Nghị định số 156/2013/NĐ-CP ngày 11 tháng 11 năm 2013 của Chính phủ quy định chức năng
44209,01/2014/TT-NHNN,156/2013/NĐ-CP,Căn cứ,"gày 16 tháng 6 năm 2010; Căn cứ Luật Các tổ chức tín dụng số 47/2010/QH12 ngày 16 tháng 6 năm 2010; Căn cứ Nghị định số 156/2013/NĐ-CP ngày 11 tháng 11 năm 2013 của Chính phủ quy định chức năng, nhiệm vụ, quyền hạn và cơ cấu tổ chức của Ngân hàng Nhà nướ"
44209,01/2014/TT-NHNN,40/2012/NĐ-CP,Căn cứ,"hính phủ quy định chức năng, nhiệm vụ, quyền hạn và cơ cấu tổ chức của Ngân hàng Nhà nước Việt Nam; Căn cứ Nghị định số 40/2012/NĐ-CP ngày 02 tháng 5 năm 2012 của Chính phủ về nghiệp vụ phát hành tiền; bảo quản, vận chuyển tài sản quý và giấy tờ có giá"
44209,01/2014/TT-NHNN,20/02,Tham chiếu,"ong hệ thống. Chương VII ĐIỀU KHOẢN THI HÀNH Điều 72. Hiệu lực thi hành 1. Thông tư này có hiệu lực thi hành kể từ ngày 20/02/2014. 2. Kể từ ngày Thông tư này có hiệu lực, các văn bản sau hết hiệu lực thi hành: a) Quyết định số 60/2006/QĐ-NHNN n"
44209,01/2014/TT-NHNN,60/2006/QĐ-NHNN,Tham chiếu,"kể từ ngày 20/02/2014. 2. Kể từ ngày Thông tư này có hiệu lực, các văn bản sau hết hiệu lực thi hành: a) Quyết định số 60/2006/QĐ-NHNN ngày 27/12/2006 của Thống đốc Ngân hàng Nhà nước ban hành Chế độ giao nhận, bảo quản, vận chuyển tiền mặt, tài sản quý,"
44209,01/2014/TT-NHNN,27/12,Tham chiếu,"4. 2. Kể từ ngày Thông tư này có hiệu lực, các văn bản sau hết hiệu lực thi hành: a) Quyết định số 60/2006/QĐ-NHNN ngày 27/12/2006 của Thống đốc Ngân hàng Nhà nước ban hành Chế độ giao nhận, bảo quản, vận chuyển tiền mặt, tài sản quý, giấy tờ có"
44209,01/2014/TT-NHNN,27/2007/QĐ-NHNN,Tham chiếu,"n hàng Nhà nước ban hành Chế độ giao nhận, bảo quản, vận chuyển tiền mặt, tài sản quý, giấy tờ có giá; b) Quyết định số 27/2007/QĐ-NHNN ngày 21/6/2007 sửa đổi, bổ sung một số Điều của Chế độ giao nhận, bảo quản, vận chuyển tiền mặt, tài sản quý, giấy tờ c"
44209,01/2014/TT-NHNN,21/6,Tham chiếu,"ành Chế độ giao nhận, bảo quản, vận chuyển tiền mặt, tài sản quý, giấy tờ có giá; b) Quyết định số 27/2007/QĐ-NHNN ngày 21/6/2007 sửa đổi, bổ sung một số Điều của Chế độ giao nhận, bảo quản, vận chuyển tiền mặt, tài sản quý, giấy tờ có giá ban"
44209,01/2014/TT-NHNN,21/2011/TT-NHNN,Tham chiếu,"bảo quản, vận chuyển tiền mặt, tài sản quý, giấy tờ có giá ban hành theo Quyết định số 60/2006/QĐ-NHNN; c) Thông tư số 21/2011/TT-NHNN ngày 30/8/2011 sửa đổi, bổ sung Khoản 5 Điều 3 Chế độ giao nhận, bảo quản, vận chuyển tiền mặt, tài sản quý, giấy tờ có"
44209,01/2014/TT-NHNN,30/8,Tham chiếu,"tiền mặt, tài sản quý, giấy tờ có giá ban hành theo Quyết định số 60/2006/QĐ-NHNN; c) Thông tư số 21/2011/TT-NHNN ngày 30/8/2011 sửa đổi, bổ sung Khoản 5 Điều 3 Chế độ giao nhận, bảo quản, vận chuyển tiền mặt, tài sản quý, giấy tờ có giá ban h"
25692,46/2010/QH12,51/2001/QH10,"Sửa đổi, bổ sung","n cứ Hiến pháp nước Cộng hoà xã hội chủ nghĩa Việt Nam năm 1992 đã được sửa đổi, bổ sung một số điều theo Nghị quyết số 51/2001/QH10; Quốc hội ban hành Luật Ngân hàng Nhà nước Việt Nam. Chương I NHỮNG QUY ĐỊNH CHUNG Điều 1. Phạm vi điều chỉnh Luật này"
25692,46/2010/QH12,01/1997/QH10,Tham chiếu,"Hiệu lực thi hành 1. Luật này có hiệu lực thi hành từ ngày 01 tháng 01 năm 2011. 2. Luật Ngân hàng Nhà nước Việt Nam số 01/1997/QH10 và Luật sửa đổi, bổ sung một số điều của Luật Ngân hàng Nhà nước Việt Nam số 10/2003/QH11 hết hiệu lực kể từ ngày Luật"
25692,46/2010/QH12,10/2003/QH11,"Sửa đổi, bổ sung","gân hàng Nhà nước Việt Nam số 01/1997/QH10 và Luật sửa đổi, bổ sung một số điều của Luật Ngân hàng Nhà nước Việt Nam số 10/2003/QH11 hết hiệu lực kể từ ngày Luật này có hiệu lực. Điều 66. Quy định chi tiết và hướng dẫn thi hành Chính phủ quy định chi t"
